,date_begin,Unnamed: 0,region,length_days,time_begin,day_begin,time_end,day_end,block_intensity,longitude_onset,latitude_onset,block_size,season,month,blocking_year
0,1968 7 16 0,1,1,11.0,0,16,0,27,1.77,-140.0,65.0,,1,7,1968
1,1968 8 6 0,2,1,8.0,0,6,0,14,2.38,-150.0,55.0,,1,8,1968
2,1968 8 7 0,3,0,7.0,0,7,0,14,2.84,-10.0,65.0,,1,8,1968
3,1968 9 25 0,6,0,24.0,0,25,0,18,2.75,-20.0,45.0,,1,9,1968
4,1968 10 29 0,7,0,8.0,0,29,0,7,2.62,30.0,60.0,,2,10,1968
5,1968 10 5 0,8,0,5.0,0,5,0,10,3.71,-30.0,65.0,,2,10,1968
6,1968 11 12 0,9,0,7.0,0,12,0,19,3.73,0.0,65.0,,2,11,1968
7,1968 12 29 0,10,0,5.0,0,29,0,4,4.75,20.0,65.0,,2,12,1968
8,1968 12 19 0,11,1,10.0,0,19,0,29,4.47,-150.0,50.0,,2,12,1968
9,1968 12 13 0,12,0,25.0,0,13,0,7,3.72,0.0,55.0,,2,12,1968
10,1968 1 31 0,13,0,11.0,0,31,0,11,3.31,-20.0,50.0,,3,1,1968
11,1968 1 6 0,14,1,6.0,0,6,0,12,5.4,-160.0,40.0,,3,1,1968
12,1968 1 18 0,15,1,13.0,0,18,0,31,4.51,-150.0,45.0,,3,1,1968
13,1968 2 27 0,16,0,9.0,0,27,0,6,2.71,-50.0,45.0,,3,2,1968
14,1968 2 10 0,17,0,12.0,0,10,0,22,3.68,-30.0,47.5,,3,2,1968
15,1968 2 8 0,18,0,16.0,0,8,0,24,3.52,30.0,55.0,,3,2,1968
16,1968 3 15 0,19,0,9.0,0,15,0,24,3.93,20.0,65.0,,3,3,1968
17,1968 4 4 0,20,0,10.0,0,4,0,14,3.82,0.0,55.0,,4,4,1968
18,1968 5 29 0,22,0,6.0,0,29,0,4,2.46,-30.0,65.0,,4,5,1968
19,1968 5 21 0,23,0,5.0,0,21,0,26,2.27,0.0,70.0,,4,5,1968
20,1968 6 5 0,24,0,7.0,0,5,0,12,1.19,-10.0,45.0,,4,6,1968
21,1968 6 7 0,25,1,15.0,0,7,0,22,3.86,-130.0,55.0,,4,6,1968
22,1968 6 18 0,26,0,12.0,0,18,0,30,2.15,20.0,60.0,,4,6,1968
23,1969 7 9 0,29,2,16.0,0,9,0,25,1.91,40.0,52.5,,1,7,1969
24,1969 7 25 0,30,0,24.0,0,25,0,19,3.15,20.0,50.0,,1,7,1969
25,1969 9 7 0,32,0,7.0,0,7,0,14,2.0,10.0,55.0,,1,9,1969
26,1969 10 12 0,34,1,5.0,0,12,0,17,4.56,-130.0,47.5,,2,10,1969
27,1969 10 9 0,35,0,12.0,0,9,0,21,4.11,10.0,55.0,,2,10,1969
28,1969 11 21 0,37,0,18.0,0,21,0,9,4.62,-40.0,45.0,,2,11,1969
29,1969 11 28 0,38,1,5.0,0,28,0,3,5.53,-120.0,42.5,,2,11,1969
30,1969 12 17 0,40,1,5.0,0,17,0,22,3.44,-130.0,57.5,,2,12,1969
31,1969 1 30 0,41,0,7.0,0,30,0,6,3.93,-40.0,50.0,,3,1,1969
32,1969 1 21 0,42,0,5.0,0,21,0,26,5.34,10.0,55.0,,3,1,1969
33,1969 2 4 0,45,0,5.0,0,4,0,9,4.45,-50.0,40.0,,3,2,1969
34,1969 2 8 0,46,1,5.0,0,8,0,13,5.06,-110.0,37.5,,3,2,1969
35,1969 2 24 0,47,1,7.0,0,24,0,3,4.74,-120.0,47.5,,3,2,1969
36,1969 3 27 0,48,0,16.0,0,27,0,15,3.45,40.0,60.0,,3,3,1969
37,1969 3 8 0,49,0,10.0,0,8,0,18,3.77,-30.0,55.0,,3,3,1969
38,1969 3 23 0,50,0,18.0,0,23,0,10,3.39,-30.0,50.0,,3,3,1969
39,1969 6 30 0,53,0,5.0,0,30,0,4,2.58,-20.0,40.0,,4,6,1969
40,1969 6 17 0,54,0,9.0,0,17,0,26,2.46,-10.0,57.5,,4,6,1969
41,1970 7 29 0,58,0,5.0,0,29,0,4,1.32,20.0,50.0,,1,7,1970
42,1970 7 16 0,60,2,6.0,0,16,0,22,2.19,40.0,45.0,,1,7,1970
43,1970 10 9 0,64,0,8.0,0,9,0,17,3.25,20.0,45.0,,2,10,1970
44,1970 10 17 0,65,0,6.0,0,17,0,23,3.5,-50.0,40.0,,2,10,1970
45,1970 10 27 0,67,2,5.0,0,27,0,7,3.23,-80.0,55.0,,2,10,1970
46,1970 11 31 0,68,1,9.0,0,31,0,9,3.61,-120.0,50.0,,2,11,1970
47,1970 11 21 0,69,1,8.0,0,21,0,29,5.22,-170.0,35.0,,2,11,1970
48,1970 12 6 0,70,0,8.0,0,6,0,14,4.22,-20.0,40.0,,2,12,1970
49,1970 12 18 0,71,0,7.0,0,18,0,25,3.26,40.0,60.0,,2,12,1970
50,1970 12 18 0,72,0,18.0,0,18,0,5,3.86,-10.0,45.0,,2,12,1970
51,1970 1 9 0,73,0,6.0,0,9,0,15,5.88,10.0,50.0,,3,1,1970
52,1970 2 2 0,76,0,9.0,0,2,0,11,4.99,-10.0,55.0,,3,2,1970
53,1970 3 28 0,77,0,6.0,0,28,0,6,3.26,0.0,65.0,,3,3,1970
54,1970 3 4 0,78,0,6.0,0,4,0,10,3.44,-10.0,45.0,,3,3,1970
55,1970 4 10 0,79,0,5.0,0,10,0,15,2.65,-10.0,55.0,,4,4,1970
56,1970 4 14 0,80,0,5.0,0,14,0,19,1.83,-50.0,45.0,,4,4,1970
57,1970 5 3 0,81,0,16.0,0,3,0,19,2.53,0.0,55.0,,4,5,1970
58,1970 5 15 0,82,0,6.0,0,15,0,21,2.28,-40.0,45.0,,4,5,1970
59,1970 5 27 0,84,0,6.0,0,27,0,2,3.96,40.0,52.5,,4,5,1970
60,1970 6 4 0,85,0,9.0,0,4,1,13,3.04,-10.0,62.5,,4,6,1970
61,1970 6 20 0,86,1,5.0,0,20,0,25,2.63,-130.0,60.0,,4,6,1970
62,1971 9 7 0,92,0,5.0,0,7,0,12,2.41,0.0,50.0,,1,9,1971
63,1971 10 23 0,94,0,6.0,0,23,0,29,4.5,0.0,45.0,,2,10,1971
64,1971 11 13 0,95,0,6.0,0,13,0,19,3.44,-30.0,45.0,,2,11,1971
65,1971 11 26 0,97,0,5.0,0,26,0,1,2.6,-20.0,42.5,,2,11,1971
66,1971 12 7 0,98,0,12.0,0,7,0,19,4.82,-10.0,52.5,,2,12,1971
67,1971 1 28 0,99,0,20.0,0,28,0,17,4.52,-10.0,60.0,2594.3,3,1,1971
68,1971 1 18 0,100,1,15.0,0,18,0,2,4.61,-160.0,55.0,1992.3,3,1,1971
69,1971 1 20 0,101,0,7.0,0,20,0,27,1.85,20.0,45.0,1577.4,3,1,1971
70,1971 2 30 0,102,0,6.0,0,30,0,5,4.9,10.0,67.5,2086.8,3,2,1971
71,1971 2 20 0,104,0,5.0,0,20,0,25,4.0,30.0,60.0,2102.4,3,2,1971
72,1971 2 22 0,105,1,5.0,0,22,0,27,5.74,-170.0,55.0,1965.7,3,2,1971
73,1971 3 11 0,106,0,13.0,0,11,0,24,3.88,-40.0,45.0,2884.8,3,3,1971
74,1971 4 21 0,108,0,5.0,0,21,0,26,4.19,-20.0,57.5,2018.9,4,4,1971
75,1971 5 1 0,109,0,5.0,0,1,0,6,3.41,30.0,55.0,1770.0,4,5,1971
76,1971 6 11 0,112,1,7.0,0,11,0,18,2.32,-150.0,70.0,1820.2,4,6,1971
77,1972 7 24 0,114,0,21.0,0,24,0,15,3.07,40.0,55.0,2493.4,1,7,1972
78,1972 7 29 0,116,0,5.0,0,29,0,3,2.1,20.0,60.0,1905.2,1,7,1972
79,1972 8 2 0,117,0,5.0,0,2,0,7,1.53,-40.0,62.5,1534.8,1,8,1972
80,1972 8 25 0,119,0,9.0,0,25,0,3,2.57,0.0,52.5,2115.7,1,8,1972
81,1972 9 11 0,120,0,5.0,0,11,0,16,1.39,30.0,55.0,1458.8,1,9,1972
82,1972 9 11 0,121,1,5.0,0,11,0,16,2.45,-145.0,45.0,2253.6,1,9,1972
83,1972 9 23 0,122,0,5.0,0,23,0,28,3.14,-10.0,55.0,2024.3,1,9,1972
84,1972 10 1 0,123,0,7.0,0,1,0,8,2.31,10.0,60.0,2833.4,2,10,1972
85,1972 10 13 0,124,1,5.0,0,13,0,18,4.89,-130.0,47.5,2292.4,2,10,1972
86,1972 10 15 0,125,0,8.0,0,15,0,23,4.42,0.0,55.0,3023.9,2,10,1972
87,1972 10 15 0,126,2,8.0,0,15,0,23,2.77,40.0,60.0,2205.2,2,10,1972
88,1972 12 2 0,127,1,10.0,0,2,0,12,5.09,-150.0,55.0,2360.3,2,12,1972
89,1972 12 14 0,129,0,12.0,0,14,0,26,4.81,20.0,45.0,2879.9,2,12,1972
90,1972 12 28 0,130,0,6.0,0,28,0,3,2.86,30.0,55.0,2614.1,2,12,1972
91,1972 1 3 0,131,0,20.0,0,3,0,23,4.73,30.0,45.0,,3,1,1972
92,1972 1 25 0,133,0,8.0,0,25,0,2,3.88,-10.0,45.0,,3,1,1972
93,1972 2 4 0,134,1,5.0,0,4,0,9,4.64,-150.0,50.0,,3,2,1972
94,1972 3 8 0,135,0,13.0,0,8,0,21,3.71,0.0,45.0,,3,3,1972
95,1972 4 1 0,136,0,26.0,0,1,0,27,3.21,-30.0,35.0,,4,4,1972
96,1972 5 11 0,138,1,5.0,0,11,0,16,3.87,-120.0,67.5,,4,5,1972
97,1972 6 20 0,140,0,5.0,0,20,0,25,1.51,10.0,65.0,,4,6,1972
98,1973 7 3 0,142,0,9.0,0,3,0,12,2.73,40.0,65.0,,1,7,1973
99,1973 9 13 0,145,1,7.0,0,13,0,20,2.99,-140.0,55.0,,1,9,1973
100,1973 9 17 0,146,0,5.0,0,17,0,20,2.28,-10.0,65.0,,1,9,1973
101,1973 10 1 0,147,0,5.0,0,1,0,6,3.63,0.0,42.5,,2,10,1973
102,1973 10 22 0,148,0,5.0,0,22,0,27,3.86,-10.0,40.0,,2,10,1973
103,1973 11 2 0,149,1,6.0,0,2,0,8,4.35,-150.0,60.0,,2,11,1973
104,1973 11 11 0,150,0,5.0,0,11,0,16,3.87,-10.0,45.0,,2,11,1973
105,1973 12 28 0,151,0,8.0,0,28,0,6,4.39,-15.0,45.0,,2,12,1973
106,1973 1 25 0,152,1,23.0,0,25,0,17,4.99,-150.0,37.5,,3,1,1973
107,1973 1 31 0,153,0,12.0,0,31,0,12,4.16,30.0,40.0,,3,1,1973
108,1973 2 22 0,155,0,8.0,0,22,0,1,3.87,-15.0,45.0,,3,2,1973
109,1973 4 3 0,157,0,6.0,0,3,0,9,3.42,0.0,55.0,,4,4,1973
110,1973 4 13 0,158,0,15.0,0,13,0,28,3.77,0.0,55.0,,4,4,1973
111,1973 6 13 0,161,0,7.0,0,13,0,20,3.02,30.0,60.0,,4,6,1973
112,1974 7 11 0,164,0,15.0,0,11,0,26,1.91,40.0,67.5,,1,7,1974
113,1974 8 27 0,165,0,5.0,0,27,0,1,2.51,30.0,55.0,,1,8,1974
114,1974 8 28 0,166,1,5.0,0,28,0,2,3.75,-130.0,52.5,,1,8,1974
115,1974 11 30 0,168,1,6.0,0,30,0,5,2.52,-140.0,52.5,,2,11,1974
116,1974 12 18 0,170,0,5.0,0,18,0,23,3.45,-5.0,42.5,,2,12,1974
117,1974 1 28 0,171,0,12.0,0,28,0,9,3.92,0.0,40.0,,3,1,1974
118,1974 1 16 0,173,0,5.0,0,16,0,21,2.54,35.0,45.0,,3,1,1974
119,1974 1 28 0,174,0,5.0,0,28,0,2,3.29,30.0,60.0,,3,1,1974
120,1974 2 2 0,175,0,8.0,0,2,0,10,6.08,0.0,52.5,,3,2,1974
121,1974 2 3 0,176,1,6.0,0,3,0,9,5.47,-150.0,55.0,,3,2,1974
122,1974 2 22 0,179,0,5.0,0,22,0,27,5.09,15.0,52.5,,3,2,1974
123,1974 3 5 0,180,1,5.0,0,5,0,10,3.83,-150.0,72.5,,3,3,1974
124,1974 3 11 0,181,0,6.0,0,11,0,17,3.26,30.0,55.0,,3,3,1974
125,1974 3 15 0,182,0,6.0,0,15,0,21,2.95,-20.0,45.0,,3,3,1974
126,1974 4 31 0,184,0,5.0,0,31,0,5,4.64,-25.0,50.0,,4,4,1974
127,1974 4 20 0,186,0,5.0,0,20,0,25,2.03,30.0,47.5,,4,4,1974
128,1974 5 8 0,187,0,12.0,0,8,0,20,2.64,30.0,55.0,,4,5,1974
129,1974 5 7 0,188,2,5.0,0,7,0,12,3.23,-100.0,55.0,,4,5,1974
130,1974 5 22 0,189,0,9.0,0,22,0,31,3.69,-20.0,52.5,,4,5,1974
131,1975 8 7 0,194,0,6.0,0,7,0,13,3.09,10.0,57.5,,1,8,1975
132,1975 10 19 0,195,0,10.0,0,19,0,29,4.0,10.0,60.0,,2,10,1975
133,1975 11 7 0,196,0,6.0,0,7,0,13,4.52,-15.0,42.5,,2,11,1975
134,1975 12 4 0,197,0,14.0,0,4,0,18,3.88,-15.0,45.0,,2,12,1975
135,1975 12 24 0,199,0,5.0,0,24,0,29,4.57,-30.0,45.0,,2,12,1975
136,1975 1 1 0,200,0,16.0,0,1,0,17,4.86,-15.0,37.5,,3,1,1975
137,1975 2 29 0,201,0,9.0,0,29,0,7,2.86,5.0,55.0,,3,2,1975
138,1975 2 17 0,202,0,7.0,0,17,0,24,4.83,30.0,57.5,,3,2,1975
139,1975 2 23 1,203,0,5.5,1,23,0,29,4.56,-5.0,40.0,,3,2,1975
140,1975 3 3 0,204,0,8.0,0,3,0,11,5.47,10.0,47.5,,3,3,1975
141,1975 3 25 0,206,0,6.0,0,25,0,31,1.6,-10.0,42.5,,3,3,1975
142,1975 4 3 0,207,0,5.0,0,3,0,8,3.26,-50.0,45.0,,4,4,1975
143,1975 4 19 0,208,0,7.0,0,19,0,26,3.32,-5.0,52.5,,4,4,1975
144,1975 4 27 1,209,1,5.0,1,27,1,2,3.58,-120.0,55.0,,4,4,1975
145,1975 5 7 0,210,0,5.0,0,7,0,12,2.18,5.0,50.0,,4,5,1975
146,1975 5 20 0,212,0,6.0,0,20,0,26,3.4,30.0,70.0,,4,5,1975
147,1976 7 30 0,217,0,8.0,0,30,0,8,2.94,0.0,52.5,,1,7,1976
148,1976 8 10 0,218,0,5.0,0,10,0,15,2.67,30.0,62.5,,1,8,1976
149,1976 8 19 0,220,0,5.0,0,19,0,24,2.9,0.0,55.0,,1,8,1976
150,1976 9 16 0,222,0,12.0,0,16,0,28,2.9,-5.0,65.0,,1,9,1976
151,1976 10 12 0,223,0,9.0,0,12,0,21,4.01,30.0,75.0,,2,10,1976
152,1976 11 1 0,225,0,5.0,0,1,0,6,2.09,30.0,72.5,,2,11,1976
153,1976 11 16 0,226,0,6.0,0,16,0,22,4.09,-15.0,40.0,,2,11,1976
154,1976 1 5 0,228,0,6.0,0,5,0,11,4.5,0.0,40.0,,3,1,1976
155,1976 2 23 0,229,0,5.5,0,23,1,28,3.01,-30.0,60.0,,3,2,1976
156,1976 5 1 0,233,0,5.0,0,1,0,6,3.31,30.0,52.5,,4,5,1976
157,1976 5 5 0,235,1,7.0,0,5,0,12,2.76,-120.0,60.0,,4,5,1976
158,1976 5 20 0,238,0,7.0,0,20,0,27,3.3,-25.0,45.0,,4,5,1976
159,1976 6 31 0,239,0,8.0,0,31,0,8,3.19,-40.0,55.0,,4,6,1976
160,1976 6 18 0,241,0,5.0,0,18,0,23,2.21,-10.0,57.5,,4,6,1976
161,1977 8 29 0,244,1,11.0,0,29,0,9,2.03,-150.0,65.0,,1,8,1977
162,1977 8 11 0,246,0,8.0,0,11,0,19,2.58,0.0,50.0,,1,8,1977
163,1977 8 17 0,247,1,5.0,0,17,0,22,3.45,-120.0,47.5,,1,8,1977
164,1977 9 31 0,248,0,6.0,0,31,0,6,2.4,30.0,50.0,,1,9,1977
165,1977 9 16 0,249,0,11.0,0,16,0,27,3.78,-30.0,55.0,,1,9,1977
166,1977 10 13 0,250,0,6.0,0,13,0,19,3.52,15.0,45.0,,2,10,1977
167,1977 11 1 0,251,0,5.0,0,1,0,6,3.78,30.0,57.5,,2,11,1977
168,1977 11 17 0,252,1,9.0,0,17,0,26,4.74,-150.0,45.0,,2,11,1977
169,1977 12 26 0,253,0,18.0,0,26,0,14,4.27,-10.0,45.0,,2,12,1977
170,1977 12 13 0,255,0,8.0,0,13,0,21,3.37,0.0,45.0,,2,12,1977
171,1977 1 1 0,256,1,7.0,0,1,0,8,4.15,-120.0,55.0,,3,1,1977
172,1977 1 3 0,257,0,5.0,0,3,0,8,4.92,-10.0,45.0,,3,1,1977
173,1977 1 16 0,258,0,5.0,0,16,0,21,3.4,30.0,55.0,,3,1,1977
174,1977 2 8 0,261,0,5.0,0,8,0,13,2.06,-25.0,45.0,,3,2,1977
175,1977 2 7 0,262,2,11.0,0,7,0,18,3.93,-90.0,62.5,,3,2,1977
176,1977 3 28 0,263,1,9.0,0,28,0,9,4.18,-150.0,50.0,,3,3,1977
177,1977 5 15 0,265,0,9.0,0,15,0,24,2.88,30.0,65.0,,4,5,1977
178,1977 5 28 0,267,0,6.0,0,28,0,3,3.22,10.0,52.5,,4,5,1977
179,1977 6 11 0,268,0,6.0,0,11,0,17,2.66,-10.0,50.0,,4,6,1977
180,1978 9 30 0,271,0,5.0,0,30,0,4,2.43,-10.0,52.5,,1,9,1978
181,1978 10 20 0,273,0,12.0,0,20,0,1,2.48,-5.0,40.0,,2,10,1978
182,1978 11 8 0,274,0,7.0,0,8,0,15,3.14,15.0,50.0,,2,11,1978
183,1978 12 5 0,275,0,5.0,0,5,0,10,3.75,10.0,60.0,,2,12,1978
184,1978 1 3 0,276,1,7.0,0,3,0,10,6.09,-150.0,65.0,,3,1,1978
185,1978 1 15 0,278,0,12.0,0,15,0,27,4.5,0.0,45.0,,3,1,1978
186,1978 2 10 0,279,0,6.0,0,10,0,16,3.42,-30.0,62.5,,3,2,1978
187,1978 3 15 0,280,0,5.0,0,15,0,20,4.26,-30.0,65.0,,3,3,1978
188,1978 3 23 0,281,1,5.0,0,23,0,28,4.22,-140.0,50.0,,3,3,1978
189,1978 3 25 0,282,0,6.0,0,25,0,31,4.09,-60.0,45.0,,3,3,1978
190,1978 4 10 0,283,0,5.0,0,10,0,15,2.15,30.0,55.0,,4,4,1978
191,1978 4 20 0,285,1,17.0,0,20,0,7,3.8,-150.0,40.0,,4,4,1978
192,1978 5 17 0,287,0,10.0,0,17,0,27,3.24,30.0,52.5,,4,5,1978
193,1978 6 1 0,288,0,5.0,0,1,0,6,3.59,30.0,55.0,,4,6,1978
194,1979 9 6 0,291,1,7.0,0,6,0,13,2.09,-170.0,45.0,,1,9,1979
195,1979 10 23 0,292,0,11.0,0,23,0,3,3.98,10.0,60.0,,2,10,1979
196,1979 1 5 0,295,1,8.0,0,5,0,13,5.54,-150.0,35.0,,3,1,1979
197,1979 1 12 0,296,0,11.0,0,12,0,23,3.38,-20.0,47.5,,3,1,1979
198,1979 1 23 0,297,1,5.0,0,23,0,28,5.33,-140.0,35.0,,3,1,1979
199,1979 2 10 0,299,1,8.0,0,10,0,18,5.17,-130.0,52.5,,3,2,1979
200,1979 2 19 0,300,0,9.0,0,19,0,28,3.98,-10.0,55.0,,3,2,1979
201,1979 3 16 0,302,0,10.0,0,16,0,26,3.88,-30.0,75.0,,3,3,1979
202,1979 4 3 0,303,0,8.0,0,3,0,11,3.33,-15.0,45.0,,4,4,1979
203,1979 4 16 0,304,0,6.0,0,16,0,22,3.62,-15.0,45.0,,4,4,1979
204,1979 4 25 0,306,0,5.0,0,25,0,30,1.74,-40.0,50.0,,4,4,1979
205,1979 4 22 0,307,2,11.0,0,22,0,3,3.19,-90.0,37.5,,4,4,1979
206,1979 5 12 0,308,0,8.0,0,12,0,20,3.11,5.0,55.0,,4,5,1979
207,1979 5 20 0,309,0,8.0,0,20,0,28,2.71,-25.0,40.0,,4,5,1979
208,1979 6 2 0,310,0,8.0,0,2,0,10,2.37,30.0,55.0,,4,6,1979
209,1980 9 13 0,315,1,6.0,0,13,0,19,3.48,-150.0,42.5,,1,9,1980
210,1980 11 1 0,317,0,10.0,0,1,0,11,5.09,-20.0,60.0,,2,11,1980
211,1980 12 30 0,318,0,5.0,0,30,0,5,4.46,-30.0,45.0,,2,12,1980
212,1980 1 18 0,321,0,14.0,0,18,0,1,4.32,10.0,40.0,,3,1,1980
213,1980 2 2 0,322,0,7.0,0,2,0,9,4.54,-20.0,40.0,,3,2,1980
214,1980 4 18 0,324,0,5.0,0,18,0,23,4.0,-10.0,60.0,,4,4,1980
215,1980 4 27 0,325,0,5.0,0,27,0,2,3.32,-30.0,40.0,,4,4,1980
216,1980 5 11 0,326,0,7.0,0,11,0,18,3.54,10.0,55.0,,4,5,1980
217,1980 5 19 0,327,1,7.0,0,19,0,26,2.14,-110.0,50.0,,4,5,1980
218,1980 5 22 0,328,0,6.0,0,22,0,28,2.89,30.0,55.0,,4,5,1980
219,1980 6 15 0,330,0,14.0,0,15,0,29,2.62,-30.0,42.5,,4,6,1980
220,1981 7 9 0,333,0,6.0,0,9,0,15,1.46,30.0,55.0,,1,7,1981
221,1981 9 27 0,336,0,8.0,0,27,0,5,2.39,-50.0,60.0,,1,9,1981
222,1981 12 30 0,340,0,6.0,0,30,0,6,4.66,-15.0,40.0,,2,12,1981
223,1981 1 13 0,341,0,7.0,0,13,0,20,4.6,25.0,55.0,,3,1,1981
224,1981 1 25 0,342,0,5.0,0,25,0,30,4.25,-15.0,42.5,,3,1,1981
225,1981 2 4 0,343,1,14.0,0,4,0,18,5.17,-150.0,45.0,,3,2,1981
226,1981 2 11 0,344,0,11.0,0,11,0,22,4.68,15.0,42.5,,3,2,1981
227,1981 3 17 0,345,0,6.0,0,17,0,23,3.21,30.0,62.5,,3,3,1981
228,1981 4 5 0,346,0,9.0,0,5,0,14,3.21,-35.0,60.0,,4,4,1981
229,1981 4 15 0,347,0,16.0,0,15,0,1,3.28,0.0,45.0,,4,4,1981
230,1981 6 31 0,349,0,7.0,0,31,0,7,3.58,15.0,55.0,,4,6,1981
231,1982 7 25 0,352,0,6.0,0,25,0,31,2.2,0.0,55.0,,1,7,1982
232,1982 10 2 0,353,0,8.0,0,2,0,10,3.35,10.0,45.0,,2,10,1982
233,1982 10 21 0,354,0,9.0,0,21,0,30,3.19,10.0,45.0,,2,10,1982
234,1982 11 6 0,355,0,5.0,0,6,0,11,3.37,10.0,55.0,,2,11,1982
235,1982 12 30 0,356,0,5.0,0,30,0,5,4.54,5.0,50.0,,2,12,1982
236,1982 12 13 0,357,0,23.0,0,13,0,5,3.53,-30.0,37.5,,2,12,1982
237,1982 1 12 0,360,0,11.0,0,12,0,23,5.08,-45.0,37.5,,3,1,1982
238,1982 2 4 0,361,0,21.5,0,4,0,25,4.43,-25.0,40.0,,3,2,1982
239,1982 3 20 0,362,0,18.0,0,20,0,7,3.38,-50.0,40.0,,3,3,1982
240,1982 4 16 0,363,0,5.0,0,16,0,21,3.83,-45.0,47.5,,4,4,1982
241,1982 4 24 0,365,1,5.0,0,24,0,29,3.09,-140.0,57.5,,4,4,1982
242,1982 5 6 0,366,0,5.0,0,6,0,11,2.63,-45.0,35.0,,4,5,1982
243,1982 5 16 0,367,0,8.0,0,16,0,24,3.13,30.0,47.5,,4,5,1982
244,1982 6 19 0,370,0,5.0,0,19,0,24,2.21,0.0,55.0,,4,6,1982
245,1983 7 30 0,372,1,7.0,0,30,0,7,2.34,-120.0,62.5,,1,7,1983
246,1983 11 7 0,377,0,14.5,0,7,0,21,4.19,20.0,50.0,,2,11,1983
247,1983 12 2 0,378,0,8.0,0,2,0,10,3.5,0.0,45.0,,2,12,1983
248,1983 12 14 0,379,0,11.0,0,14,0,25,3.34,25.0,50.0,,2,12,1983
249,1983 12 21 0,380,1,7.5,0,21,0,29,6.08,-150.0,60.0,,2,12,1983
250,1983 2 7 0,385,0,9.0,0,7,0,16,5.03,0.0,42.5,,3,2,1983
251,1983 3 3 0,387,0,7.0,0,3,0,10,4.47,-25.0,47.5,,3,3,1983
252,1983 4 5 0,388,0,7.0,0,5,0,12,2.12,30.0,55.0,,4,4,1983
253,1983 4 18 0,389,2,8.0,0,18,0,26,2.73,-90.0,50.0,,4,4,1983
254,1983 4 21 0,390,0,11.0,0,21,0,2,3.23,0.0,45.0,,4,4,1983
255,1983 5 5 0,391,0,5.0,0,5,0,10,2.27,-25.0,45.0,,4,5,1983
256,1983 5 13 0,393,0,7.0,0,13,0,20,3.03,-45.0,45.0,,4,5,1983
257,1983 5 27 0,394,0,8.0,0,27,0,4,3.65,30.0,65.0,,4,5,1983
258,1983 6 28 0,397,0,5.0,0,28,0,3,2.27,-30.0,55.0,,4,6,1983
259,1984 7 10 0,399,1,6.0,0,10,0,16,2.1,-160.0,45.0,,1,7,1984
260,1984 8 2 0,402,0,7.0,0,2,0,9,1.67,30.0,70.0,,1,8,1984
261,1984 9 15 0,404,0,6.0,0,15,0,21,1.19,30.0,70.0,,1,9,1984
262,1984 10 15 0,406,2,5.0,0,15,0,20,3.39,-90.0,50.0,,2,10,1984
263,1984 10 16 0,407,1,6.0,0,16,0,22,2.9,-160.0,55.0,,2,10,1984
264,1984 11 30 0,409,0,5.0,0,30,0,4,3.51,10.0,47.5,,2,11,1984
265,1984 11 11 0,410,0,8.0,0,11,0,19,3.9,15.0,45.0,,2,11,1984
266,1984 12 1 0,411,0,7.0,0,1,0,8,3.29,30.0,45.0,,2,12,1984
267,1984 1 27 0,413,0,13.0,0,27,0,9,4.25,-20.0,35.0,,3,1,1984
268,1984 1 11 0,415,0,6.0,0,11,0,17,4.96,-10.0,47.5,,3,1,1984
269,1984 1 27 0,416,1,5.0,0,27,0,1,6.17,-140.0,45.0,,3,1,1984
270,1984 2 6 1,417,1,16.0,1,6,1,22,3.27,-160.0,52.5,,3,2,1984
271,1984 2 20 0,418,0,5.0,0,20,0,25,4.17,-10.0,45.0,,3,2,1984
272,1984 3 9 0,421,0,5.0,0,9,0,14,3.27,-10.0,45.0,,3,3,1984
273,1984 3 19 0,422,0,7.0,0,19,0,26,3.11,30.0,65.0,,3,3,1984
274,1984 4 14 0,424,0,14.0,0,14,0,28,3.15,-20.0,65.0,,4,4,1984
275,1984 5 17 0,426,0,10.0,0,17,0,27,2.7,-20.0,37.5,,4,5,1984
276,1984 5 22 0,427,1,8.0,0,22,0,30,1.91,-150.0,62.5,,4,5,1984
277,1984 6 1 0,428,1,5.0,0,1,0,6,2.82,-130.0,55.0,,4,6,1984
278,1984 6 4 0,429,0,6.0,0,4,0,10,2.34,-45.0,50.0,,4,6,1984
279,1985 7 5 0,431,0,6.0,0,5,0,11,1.28,20.0,55.0,,1,7,1985
280,1985 8 7 0,433,0,5.0,0,7,0,12,2.48,40.0,45.0,,1,8,1985
281,1985 10 16 0,436,0,6.0,0,16,0,22,2.17,0.0,50.0,,2,10,1985
282,1985 11 30 0,439,0,6.0,0,30,0,5,3.76,-60.0,55.0,,2,11,1985
283,1985 11 13 1,441,0,13.0,1,13,1,26,3.61,0.0,55.0,,2,11,1985
284,1985 11 19 0,442,1,6.0,0,19,0,24,5.43,-160.0,65.0,,2,11,1985
285,1985 12 13 0,443,0,7.0,0,13,0,20,4.87,-20.0,40.0,,2,12,1985
286,1985 2 10 1,448,1,13.0,1,10,1,23,5.81,-140.0,45.0,,3,2,1985
287,1985 2 11 1,449,0,7.0,1,11,1,18,5.66,0.0,60.0,,3,2,1985
288,1985 2 2 1,450,0,6.0,1,2,1,8,5.01,-10.0,65.0,,3,2,1985
289,1985 3 8 0,452,0,19.0,0,8,0,27,3.8,30.0,47.5,,3,3,1985
290,1985 4 5 0,453,0,13.0,0,5,0,18,2.97,-10.0,52.5,,4,4,1985
291,1985 4 22 0,455,2,9.0,0,22,0,1,2.72,40.0,52.5,,4,4,1985
292,1985 5 6 1,456,0,6.0,1,6,1,12,2.57,-60.0,70.0,,4,5,1985
293,1985 5 3 0,457,0,6.0,0,3,0,8,2.14,30.0,55.0,,4,5,1985
294,1985 6 5 0,458,0,20.0,0,5,0,25,2.92,40.0,65.0,,4,6,1985
295,1986 7 18 0,463,1,5.0,0,18,0,23,1.58,-140.0,62.5,,1,7,1986
296,1986 7 25 0,464,2,7.0,0,25,0,1,1.54,40.0,55.0,,1,7,1986
297,1986 8 4 0,466,0,5.0,0,4,0,9,0.89,30.0,52.5,,1,8,1986
298,1986 9 7 0,467,0,11.0,0,7,0,18,2.17,-30.0,55.0,,1,9,1986
299,1986 12 23 0,470,0,6.0,0,23,0,29,4.0,0.0,52.5,,2,12,1986
300,1986 1 9 0,471,0,12.0,0,9,0,21,4.38,-10.0,65.0,,3,1,1986
301,1986 1 22 0,472,0,10.0,0,22,0,1,5.83,-20.0,55.0,,3,1,1986
302,1986 1 21 0,473,1,5.5,0,21,1,26,3.62,-140.0,35.0,,3,1,1986
303,1986 2 18 0,474,0,11.0,0,18,0,2,3.18,-10.0,55.0,,3,2,1986
304,1986 3 3 0,475,1,6.5,0,3,1,9,2.92,-160.0,55.0,,3,3,1986
305,1986 3 17 0,477,0,5.0,0,17,0,22,3.67,-70.0,60.0,,3,3,1986
306,1986 4 11 0,478,0,6.0,0,11,0,17,3.51,20.0,55.0,,4,4,1986
307,1986 5 30 0,479,0,7.0,0,30,0,7,2.96,30.0,50.0,,4,5,1986
308,1986 5 14 0,480,0,17.0,0,14,0,31,3.52,20.0,45.0,,4,5,1986
309,1986 6 3 1,481,0,5.0,1,3,1,8,3.1,-40.0,55.0,,4,6,1986
310,1986 6 19 0,483,0,8.0,0,19,0,27,1.66,20.0,65.0,,4,6,1986
311,1987 7 15 1,485,0,5.0,1,15,1,20,1.59,20.0,65.0,,1,7,1987
312,1987 8 19 0,487,1,11.0,0,19,0,30,2.28,-160.0,65.0,,1,8,1987
313,1987 10 6 0,488,0,5.0,0,6,0,11,2.46,30.0,45.0,,2,10,1987
314,1987 10 13 0,489,0,24.0,0,13,0,6,3.78,30.0,62.5,,2,10,1987
315,1987 11 24 0,490,0,7.0,0,24,0,1,4.19,-10.0,45.0,,2,11,1987
316,1987 12 2 0,491,0,5.0,0,2,0,8,2.85,0.0,60.0,,2,12,1987
317,1987 12 21 0,492,0,5.0,0,21,0,26,3.63,20.0,45.0,,2,12,1987
318,1987 1 28 0,493,1,13.0,0,28,0,9,4.37,-130.0,45.0,,3,1,1987
319,1987 1 21 0,494,0,13.0,0,21,0,3,2.85,20.0,52.5,,3,1,1987
320,1987 2 12 0,496,0,6.0,0,12,0,18,3.37,20.0,52.5,,3,2,1987
321,1987 2 19 0,497,0,20.0,0,19,0,10,3.08,-10.0,47.5,,3,2,1987
322,1987 3 9 0,498,0,16.5,0,9,1,25,4.5,-50.0,45.0,,3,3,1987
323,1987 4 3 0,501,0,5.0,0,3,0,8,2.45,10.0,57.5,,4,4,1987
324,1987 4 9 0,502,0,7.0,0,9,0,16,1.82,-70.0,55.0,,4,4,1987
325,1987 4 18 0,503,0,6.0,0,18,0,24,2.32,-70.0,50.0,,4,4,1987
326,1987 5 12 0,504,0,8.0,0,12,0,20,2.86,10.0,65.0,,4,5,1987
327,1987 5 21 0,505,0,10.0,0,21,0,31,2.33,20.0,55.0,,4,5,1987
328,1987 6 5 0,506,2,5.0,0,5,0,10,2.0,-100.0,45.0,,4,6,1987
329,1987 6 8 0,507,0,11.0,0,8,0,19,2.72,0.0,55.0,,4,6,1987
330,1988 8 30 0,513,2,7.0,0,30,0,6,1.03,40.0,75.0,,1,8,1988
331,1988 8 9 0,514,0,10.0,0,9,0,19,1.6,0.0,65.0,,1,8,1988
332,1988 10 5 0,516,1,7.0,0,5,0,12,3.65,-110.0,50.0,,2,10,1988
333,1988 10 17 0,517,0,7.0,0,17,0,24,3.81,15.0,55.0,,2,10,1988
334,1988 11 13 0,519,0,13.5,0,13,1,26,3.91,-10.0,45.0,,2,11,1988
335,1988 12 7 0,520,0,8.0,0,7,0,15,5.44,-20.0,42.5,,2,12,1988
336,1988 1 27 0,521,0,14.0,0,27,0,9,5.23,20.0,40.0,,3,1,1988
337,1988 1 14 0,522,0,22.0,0,14,0,5,4.06,-30.0,45.0,,3,1,1988
338,1988 2 31 0,523,1,11.0,0,31,0,11,6.2,-150.0,60.0,,3,2,1988
339,1988 2 6 0,524,0,8.0,0,6,0,14,4.31,-15.0,45.0,,3,2,1988
340,1988 2 25 0,525,1,7.0,0,25,0,4,5.18,-150.0,45.0,,3,2,1988
341,1988 4 1 0,529,0,6.0,0,1,0,7,2.94,0.0,62.5,,4,4,1988
342,1988 4 25 0,531,1,9.0,0,25,0,4,2.93,-150.0,60.0,,4,4,1988
343,1988 5 8 0,532,0,5.0,0,8,0,13,2.62,-60.0,45.0,,4,5,1988
344,1988 5 11 0,533,2,5.0,0,11,0,16,2.36,-90.0,47.5,,4,5,1988
345,1988 5 20 1,534,0,7.5,1,20,0,28,2.74,0.0,55.0,,4,5,1988
346,1988 5 25 0,536,0,10.0,0,25,0,4,2.25,-15.0,55.0,,4,5,1988
347,1988 6 31 0,537,1,5.0,0,31,0,5,3.27,-135.0,40.0,,4,6,1988
348,1988 6 2 0,538,0,12.0,0,2,0,14,2.59,40.0,55.0,,4,6,1988
349,1988 6 13 0,541,0,7.0,0,13,0,20,2.99,0.0,57.5,,4,6,1988
350,1989 7 3 0,545,0,5.0,0,3,0,8,2.12,30.0,50.0,,1,7,1989
351,1989 7 4 0,546,1,7.0,0,4,0,11,1.75,-150.0,60.0,,1,7,1989
352,1989 9 28 0,548,0,5.0,0,28,0,3,4.74,-10.0,50.0,,1,9,1989
353,1989 10 23 0,549,0,7.0,0,23,0,30,2.96,30.0,45.0,,2,10,1989
354,1989 12 28 0,550,0,9.0,0,28,0,7,4.75,-10.0,50.0,,2,12,1989
355,1989 12 9 0,551,0,10.0,0,9,0,19,2.58,-35.0,60.0,,2,12,1989
356,1989 12 25 0,552,0,7.0,0,25,0,1,4.02,15.0,45.0,,2,12,1989
357,1989 1 11 0,553,0,9.0,0,11,0,20,1.95,30.0,45.0,,3,1,1989
358,1989 2 15 0,554,0,8.5,0,15,1,23,3.15,30.0,50.0,,3,2,1989
359,1989 3 18 0,555,1,6.0,0,18,0,24,3.81,-170.0,55.0,,3,3,1989
360,1989 3 24 0,556,0,5.0,0,24,0,3,4.21,-15.0,40.0,,3,3,1989
361,1989 4 16 0,557,0,5.0,0,16,0,21,3.7,-30.0,35.0,,4,4,1989
362,1989 5 29 0,559,0,7.0,0,29,0,6,3.75,0.0,50.0,,4,5,1989
363,1989 6 15 0,561,0,5.0,0,15,0,20,1.76,0.0,55.0,,4,6,1989
364,1990 7 3 0,563,1,5.0,0,3,0,8,2.09,-150.0,67.5,,1,7,1990
365,1990 7 17 0,565,0,6.0,0,17,0,23,1.69,30.0,70.0,,1,7,1990
366,1990 8 31 0,566,1,7.0,0,31,0,9,1.28,25.0,50.0,,1,8,1990
367,1990 10 19 0,569,0,15.0,0,19,0,3,3.8,0.0,57.5,,2,10,1990
368,1990 11 2 0,570,0,8.0,0,2,0,10,4.07,-20.0,50.0,,2,11,1990
369,1990 12 28 0,571,0,9.0,0,28,0,7,3.62,-10.0,55.0,,2,12,1990
370,1990 12 9 0,572,0,10.0,0,9,0,19,4.63,-35.0,45.0,,2,12,1990
371,1990 1 14 0,574,0,7.0,0,14,0,21,5.4,10.0,50.0,,3,1,1990
372,1990 1 20 0,575,0,9.0,0,20,0,29,5.91,0.0,45.0,,3,1,1990
373,1990 1 19 0,576,1,8.0,0,19,0,27,5.84,-135.0,35.0,,3,1,1990
374,1990 2 31 0,578,0,10.0,0,31,0,10,3.76,25.0,55.0,,3,2,1990
375,1990 2 25 0,579,1,5.0,0,25,0,2,6.42,-140.0,40.0,,3,2,1990
376,1990 2 25 0,580,0,6.0,0,25,0,3,4.17,15.0,45.0,,3,2,1990
377,1990 4 13 0,582,0,8.0,0,13,0,21,3.64,-15.0,50.0,,4,4,1990
378,1990 5 20 0,584,0,13.0,0,20,0,2,3.33,-10.0,47.5,,4,5,1990
379,1991 8 29 0,589,0,6.0,0,29,0,4,2.65,30.0,55.0,,1,8,1991
380,1991 9 30 0,591,0,8.0,0,30,0,7,3.72,0.0,55.0,,1,9,1991
381,1991 10 17 0,595,0,14.0,0,17,0,31,3.2,-15.0,37.5,,2,10,1991
382,1991 12 29 0,597,0,12.0,0,29,0,11,4.97,15.0,45.0,,2,12,1991
383,1991 12 25 0,598,0,5.0,0,25,0,30,5.08,-10.0,45.0,,2,12,1991
384,1991 1 1 0,599,0,5.0,0,1,0,6,3.5,10.0,35.0,,3,1,1991
385,1991 1 10 0,600,0,17.0,0,10,0,27,5.71,0.0,52.5,,3,1,1991
386,1991 1 25 0,602,0,8.0,0,25,0,2,4.76,-10.0,45.0,,3,1,1991
387,1991 3 3 0,604,0,7.0,0,3,0,10,3.47,0.0,45.0,,3,3,1991
388,1991 3 10 0,605,0,5.0,0,10,0,15,4.22,-10.0,37.5,,3,3,1991
389,1992 7 13 0,615,0,5.0,0,13,0,18,1.62,30.0,50.0,,1,7,1992
390,1992 9 12 0,617,0,6.0,0,12,0,18,1.95,30.0,60.0,,1,9,1992
391,1992 10 29 0,618,0,5.0,0,29,0,4,3.78,0.0,55.0,,2,10,1992
392,1992 10 4 0,619,0,9.0,0,4,0,13,3.36,-15.0,45.0,,2,10,1992
393,1992 10 13 0,620,0,5.0,0,13,0,18,4.76,-30.0,55.0,,2,10,1992
394,1992 10 15 0,621,1,6.0,0,15,0,21,2.61,-150.0,55.0,,2,10,1992
395,1992 12 9 0,622,0,5.0,0,9,0,14,3.24,-15.0,37.5,,2,12,1992
396,1992 1 30 0,623,1,13.0,0,30,0,12,4.06,-150.0,57.5,2354.4,3,1,1992
397,1992 1 31 0,624,0,5.0,0,31,0,7,3.97,15.0,50.0,2652.6,3,1,1992
398,1992 1 12 0,625,0,7.0,0,12,0,19,3.5,10.0,55.0,3206.3,3,1,1992
399,1992 2 31 0,626,1,13.0,0,31,0,13,4.46,-120.0,47.5,2876.1,3,2,1992
400,1992 2 30 1,627,0,15.0,1,30,1,14,5.14,0.0,52.5,2659.3,3,2,1992
401,1992 2 14 1,628,1,7.0,1,14,1,21,4.96,-140.0,45.0,1739.3,3,2,1992
402,1992 2 15 0,629,0,8.0,0,15,0,23,5.46,-30.0,40.0,1968.9,3,2,1992
403,1992 2 24 0,631,0,7.0,0,24,0,3,4.0,-40.0,35.0,2357.4,3,2,1992
404,1992 3 2 0,632,0,8.0,0,2,0,10,3.64,-45.0,40.0,2043.5,3,3,1992
405,1992 5 24 0,633,0,17.0,0,24,0,11,3.22,25.0,50.0,2278.7,4,5,1992
406,1992 5 12 0,634,2,5.0,0,12,0,17,2.63,-100.0,47.5,3074.5,4,5,1992
407,1992 6 1 0,635,1,5.0,0,1,0,6,2.26,-120.0,55.0,2151.1,4,6,1992
408,1992 6 10 0,637,1,7.0,0,10,0,17,1.38,-150.0,75.0,1807.7,4,6,1992
409,1993 7 27 0,640,2,8.0,0,27,0,4,1.65,40.0,35.0,1392.2,1,7,1993
410,1993 9 31 0,642,0,5.0,0,31,0,5,2.82,0.0,55.0,1875.5,1,9,1993
411,1993 9 8 0,643,0,9.0,0,8,0,17,1.91,0.0,60.0,2082.6,1,9,1993
412,1993 10 27 0,644,0,11.0,0,27,0,9,1.72,10.0,60.0,1524.0,2,10,1993
413,1993 10 6 0,645,1,5.0,0,6,0,11,3.04,-140.0,55.0,2995.9,2,10,1993
414,1993 10 7 0,646,0,7.0,0,7,0,14,3.17,-30.0,60.0,1466.3,2,10,1993
415,1993 10 23 0,647,0,8.0,0,23,0,31,4.25,-15.0,45.0,1823.0,2,10,1993
416,1993 11 7 0,648,0,10.0,0,7,0,17,3.82,15.0,62.5,2992.6,2,11,1993
417,1993 11 19 0,649,0,14.0,0,19,0,4,4.29,20.0,62.5,2517.0,2,11,1993
418,1993 1 30 0,650,1,9.0,0,30,0,8,4.03,-150.0,70.0,2202.9,3,1,1993
419,1993 1 22 1,652,0,8.0,1,22,1,30,4.22,-30.0,35.0,1824.7,3,1,1993
420,1993 2 28 0,653,1,8.5,0,28,1,5,5.23,-130.0,45.0,1886.3,3,2,1993
421,1993 2 13 0,654,0,5.0,0,13,0,18,5.36,10.0,57.5,1826.2,3,2,1993
422,1993 2 21 0,655,0,7.5,0,21,1,28,3.51,-10.0,65.0,2198.3,3,2,1993
423,1993 3 11 0,657,0,7.0,0,11,0,18,3.02,-50.0,35.0,1788.1,3,3,1993
424,1993 4 13 0,658,0,10.0,0,13,0,23,2.5,-20.0,47.5,1843.8,4,4,1993
425,1993 5 5 1,660,0,12.5,1,5,0,18,3.16,15.0,65.0,2396.9,4,5,1993
426,1993 6 10 0,661,0,6.0,0,10,0,16,2.38,-20.0,45.0,1825.4,4,6,1993
427,1994 7 2 0,664,1,5.5,0,2,1,7,1.66,-120.0,65.0,2458.5,1,7,1994
428,1994 7 11 1,665,0,5.0,1,11,1,16,2.66,20.0,55.0,2969.5,1,7,1994
429,1994 7 27 0,666,0,6.0,0,27,0,2,2.35,10.0,50.0,2492.2,1,7,1994
430,1994 8 5 0,667,1,7.0,0,5,0,12,2.55,-135.0,65.0,1918.9,1,8,1994
431,1994 8 27 1,668,1,5.0,1,27,1,1,2.13,-130.0,55.0,2252.8,1,8,1994
432,1994 9 18 0,670,0,9.0,0,18,0,27,2.1,-20.0,40.0,2117.0,1,9,1994
433,1994 9 21 1,672,1,5.0,1,21,1,26,2.64,-120.0,60.0,2017.6,1,9,1994
434,1994 10 12 0,673,0,5.0,0,12,0,17,2.82,-15.0,55.0,2235.1,2,10,1994
435,1994 1 31 0,675,1,6.0,0,31,0,6,4.92,-120.0,52.5,2448.0,3,1,1994
436,1994 1 4 1,676,0,9.5,1,4,0,19,4.58,-20.0,37.5,2845.3,3,1,1994
437,1994 2 8 0,678,1,15.5,0,8,1,23,4.51,-125.0,45.0,2007.3,3,2,1994
438,1994 2 19 1,679,1,5.0,1,19,1,24,3.38,-110.0,35.0,2107.6,3,2,1994
439,1994 3 26 1,680,1,13.5,1,26,0,12,4.42,-135.0,45.0,1692.0,3,3,1994
440,1994 4 6 0,682,0,13.0,0,6,0,19,3.81,-10.0,45.0,2477.7,4,4,1994
441,1994 4 24 0,684,1,11.5,0,24,1,5,3.22,-135.0,45.0,2253.6,4,4,1994
442,1994 5 2 1,685,0,5.0,1,2,1,7,2.65,5.0,50.0,1528.3,4,5,1994
443,1994 5 8 0,686,1,5.5,0,8,1,13,3.58,-120.0,55.0,2402.6,4,5,1994
444,1994 5 12 0,687,0,6.5,0,12,1,18,2.76,-40.0,60.0,1396.6,4,5,1994
445,1994 6 4 0,689,0,10.5,0,4,1,14,2.55,-30.0,40.0,2750.8,4,6,1994
446,1994 6 6 0,690,1,5.5,0,6,1,11,3.36,-120.0,65.0,1807.4,4,6,1994
447,1994 6 7 0,691,0,12.0,0,7,0,19,2.07,30.0,62.5,1666.0,4,6,1994
448,1994 6 18 1,692,2,5.0,1,18,1,23,2.74,-90.0,45.0,4044.4,4,6,1994
449,1994 6 22 0,693,0,7.0,0,22,0,29,3.24,-10.0,50.0,2043.5,4,6,1994
450,1995 7 28 0,696,0,6.0,0,28,0,3,2.5,10.0,57.5,2053.9,1,7,1995
451,1995 8 5 0,697,0,6.0,0,5,0,11,2.2,-40.0,55.0,2817.2,1,8,1995
452,1995 8 16 0,698,0,6.5,0,16,1,22,2.7,0.0,55.0,3983.4,1,8,1995
453,1995 9 11 0,700,0,6.5,0,11,1,17,2.4,-10.0,67.5,2209.8,1,9,1995
454,1995 12 29 0,702,0,29.0,0,29,0,28,3.8,-20.0,60.0,2479.3,2,12,1995
455,1995 12 20 0,704,1,6.0,0,20,0,26,3.8,-110.0,55.0,2330.2,2,12,1995
456,1995 1 4 1,705,1,9.5,1,4,0,14,3.5,-165.0,55.0,2002.4,3,1,1995
457,1995 1 5 1,706,0,27.0,1,5,1,1,3.9,20.0,57.5,2273.6,3,1,1995
458,1995 2 15 0,707,0,6.0,0,15,0,21,5.3,-30.0,45.0,3398.2,3,2,1995
459,1995 3 28 0,709,1,7.5,0,28,1,6,6.4,-140.0,55.0,1453.1,3,3,1995
460,1995 3 28 1,710,0,21.0,1,28,1,20,5.4,-20.0,50.0,2617.1,3,3,1995
461,1995 3 22 1,711,0,10.0,1,22,1,1,2.7,30.0,57.5,2522.9,3,3,1995
462,1995 3 25 0,712,0,7.5,0,25,1,1,3.5,-20.0,57.5,2672.2,3,3,1995
463,1995 3 26 0,713,1,9.5,0,26,1,4,4.2,-150.0,55.0,1953.8,3,3,1995
464,1995 4 4 0,714,0,5.0,0,4,0,9,2.2,-50.0,60.0,2356.0,4,4,1995
465,1995 4 26 0,715,0,7.0,0,26,0,3,3.2,-40.0,55.0,2161.9,4,4,1995
466,1995 5 4 1,717,1,12.5,1,4,0,17,2.8,-160.0,50.0,2234.8,4,5,1995
467,1995 5 13 0,718,0,5.0,0,13,0,18,2.7,-30.0,65.0,1806.2,4,5,1995
468,1995 6 12 0,720,0,9.5,0,12,1,21,2.2,-10.0,42.5,2452.9,4,6,1995
469,1995 6 13 1,721,1,9.0,1,13,1,22,1.7,-150.0,70.0,2625.5,4,6,1995
470,1996 8 5 0,725,0,8.5,0,5,1,13,1.95,15.0,57.5,2441.2,1,8,1996
471,1996 8 23 0,726,0,10.0,0,23,0,2,2.38,20.0,55.0,2041.7,1,8,1996
472,1996 9 14 0,727,2,12.5,0,14,1,26,3.0,-90.0,60.0,1778.5,1,9,1996
473,1996 9 1 0,728,0,22.5,0,1,1,23,3.14,-15.0,47.5,1687.7,1,9,1996
474,1996 12 10 1,733,0,5.0,1,10,1,15,3.2,-40.0,40.0,2711.6,2,12,1996
475,1996 12 18 0,734,0,7.0,0,18,0,25,4.22,-25.0,65.0,2418.4,2,12,1996
476,1996 12 22 0,735,1,9.0,0,22,0,31,6.16,-165.0,60.0,3432.8,2,12,1996
477,1996 1 27 1,736,0,11.5,1,27,0,8,5.14,-10.0,55.0,2474.2,3,1,1996
478,1996 1 11 1,738,0,5.0,1,11,1,16,4.6,-10.0,35.0,2821.6,3,1,1996
479,1996 1 23 1,739,1,10.0,1,23,1,1,3.93,-150.0,50.0,2146.3,3,1,1996
480,1996 1 25 0,740,0,5.5,0,25,1,30,5.18,-5.0,52.5,2705.4,3,1,1996
481,1996 2 23 0,741,1,5.0,0,23,0,28,5.37,-130.0,45.0,1745.2,3,2,1996
482,1996 3 11 1,742,1,6.0,1,11,1,16,4.7,-170.0,55.0,2528.5,3,3,1996
483,1996 3 26 1,743,0,6.0,1,26,1,1,2.95,-15.0,40.0,2435.4,3,3,1996
484,1996 4 3 0,744,0,17.0,0,3,0,20,3.71,-20.0,45.0,2092.4,4,4,1996
485,1996 5 4 1,745,0,5.0,1,4,1,9,3.79,-45.0,55.0,2807.7,4,5,1996
486,1996 5 11 0,746,1,5.0,0,11,0,16,2.74,-120.0,57.5,1062.3,4,5,1996
487,1996 5 19 0,747,1,11.0,0,19,0,30,2.55,-150.0,50.0,1727.7,4,5,1996
488,1996 5 25 0,748,0,9.0,0,25,0,3,3.22,-20.0,52.5,2533.9,4,5,1996
489,1996 6 26 0,750,2,7.0,0,26,0,1,2.56,-20.0,45.0,2435.4,4,6,1996
490,1996 6 3 1,751,0,5.0,1,3,1,10,2.14,-85.0,70.0,1932.4,4,6,1996
491,1997 7 8 1,753,0,9.5,1,8,0,18,1.66,0.0,50.0,2357.7,1,7,1997
492,1997 7 20 0,754,0,5.0,0,20,0,25,0.86,10.0,65.0,2818.7,1,7,1997
493,1997 8 17 0,755,0,5.5,0,17,1,22,2.04,10.0,55.0,2989.8,1,8,1997
494,1997 10 30 0,757,0,5.0,0,30,0,5,2.42,0.0,47.5,1683.2,2,10,1997
495,1997 10 18 1,758,0,6.5,1,18,0,25,3.34,10.0,45.0,1933.5,2,10,1997
496,1997 11 9 0,760,0,5.0,0,9,1,16,2.98,-120.0,55.0,2328.3,2,11,1997
497,1997 11 17 1,761,1,7.5,1,17,1,23,4.1,20.0,57.5,2523.2,2,11,1997
498,1997 11 28 1,762,0,6.0,1,28,1,2,6.31,-10.0,72.5,2640.2,2,11,1997
499,1997 12 4 1,763,2,5.0,1,4,1,9,3.05,-95.0,60.0,1687.8,2,12,1997
500,1997 12 12 1,764,0,7.0,1,12,1,19,5.35,30.0,70.0,2492.0,2,12,1997
501,1997 2 21 0,766,0,9.0,0,21,0,30,3.11,30.0,45.0,3597.3,3,2,1997
502,1997 3 27 0,767,2,6.0,0,27,0,5,2.28,-80.0,50.0,1849.7,3,3,1997
503,1997 4 18 0,768,1,7.0,0,18,0,25,3.22,-150.0,55.0,2366.3,4,4,1997
504,1997 3 18 0,770,0,6.0,0,18,0,24,4.37,0.0,50.0,1760.8,3,3,1997
505,1997 5 12 0,771,0,5.0,0,12,0,17,2.64,10.0,45.0,2027.4,4,5,1997
506,1997 5 24 0,772,1,7.0,0,24,0,31,3.21,-110.0,55.0,3078.7,4,5,1997
507,1997 6 8 0,774,0,9.0,0,8,0,17,2.76,30.0,52.5,3078.7,4,6,1997
508,1998 9 30 0,780,0,10.0,0,30,0,9,2.51,30.0,75.0,1908.1,1,9,1998
509,1998 9 18 1,781,0,6.5,1,18,0,25,3.33,-10.0,45.0,2544.7,1,9,1998
510,1998 10 29 0,782,0,9.5,0,29,1,8,3.15,10.0,75.0,1603.5,2,10,1998
511,1998 10 20 0,783,1,5.0,0,20,0,25,5.02,-120.0,45.0,2106.9,2,10,1998
512,1998 11 2 0,784,1,8.5,0,2,1,10,3.42,-135.0,55.0,2099.2,2,11,1998
513,1998 11 23 0,785,0,11.0,0,23,0,4,3.22,30.0,55.0,2853.1,2,11,1998
514,1998 12 13 1,786,0,5.0,1,13,1,18,2.7,-10.0,37.5,2357.5,2,12,1998
515,1998 12 16 1,787,1,12.0,1,16,1,28,5.09,-130.0,40.0,2506.4,2,12,1998
516,1998 1 17 0,788,0,6.0,0,17,0,23,1.49,20.0,45.0,1411.4,3,1,1998
517,1998 1 26 1,789,0,10.5,1,26,0,5,4.06,-30.0,37.5,3190.0,3,1,1998
518,1998 2 14 0,790,0,9.0,0,14,0,23,3.34,-30.0,45.0,3229.0,3,2,1998
519,1998 3 6 0,792,0,6.0,0,6,0,12,2.59,-40.0,55.0,2533.9,3,3,1998
520,1998 3 15 0,794,0,8.0,0,15,0,23,3.27,-10.0,45.0,1520.5,3,3,1998
521,1998 5 26 1,797,2,10.5,1,26,0,7,2.87,-90.0,52.5,2950.7,4,5,1998
522,1998 5 12 0,798,2,6.0,0,12,0,18,2.11,-80.0,55.0,2333.1,4,5,1998
523,1998 5 16 0,800,1,7.0,0,16,0,23,1.82,-170.0,65.0,3127.0,4,5,1998
524,1998 6 8 0,803,1,6.0,0,8,0,14,2.54,-150.0,60.0,1806.4,4,6,1998
525,1998 6 20 0,805,0,11.0,0,20,0,1,2.3,40.0,55.0,2588.1,4,6,1998
526,1999 7 13 0,807,0,5.0,0,13,0,18,2.24,30.0,52.5,2954.1,1,7,1999
527,1999 8 15 0,808,0,5.0,0,15,0,20,1.49,-40.0,65.0,2034.4,1,8,1999
528,1999 9 12 0,810,0,13.0,0,12,0,25,2.15,15.0,55.0,1048.7,1,9,1999
529,1999 10 14 0,812,0,10.0,0,14,0,24,3.32,0.0,55.0,1663.6,2,10,1999
530,1999 11 4 0,813,0,6.0,0,4,0,10,1.65,25.0,45.0,1585.7,2,11,1999
531,1999 11 9 0,814,0,5.0,0,9,0,14,3.48,-10.0,45.0,1471.7,2,11,1999
532,1999 11 15 0,815,1,6.0,0,15,0,21,2.7,-30.0,45.0,2527.6,2,11,1999
533,1999 12 19 0,818,1,10.0,0,19,0,29,4.56,-125.0,35.0,1966.7,2,12,1999
534,1999 1 13 0,820,0,12.0,0,13,0,25,4.46,-30.0,35.0,2077.2,3,1,1999
535,1999 1 19 0,821,1,7.0,0,19,0,26,5.14,-150.0,52.5,2433.3,3,1,1999
536,1999 2 2 0,823,1,18.0,0,2,0,20,2.53,-150.0,55.0,3719.1,3,2,1999
537,1999 2 20 0,824,0,9.0,0,20,0,29,1.04,0.0,40.0,2094.8,3,2,1999
538,1999 4 10 0,828,0,14.0,0,10,0,24,2.64,-50.0,50.0,3499.4,4,4,1999
539,1999 4 28 0,829,2,5.0,0,28,0,3,2.32,15.0,65.0,1452.6,4,4,1999
540,1999 5 10 0,830,0,11.0,0,10,0,21,2.4,0.0,55.0,1650.4,4,5,1999
541,1999 6 26 0,834,0,6.0,0,26,0,2,1.68,-5.0,45.0,1607.5,4,6,1999
542,1999 6 25 0,836,2,12.0,0,25,0,7,1.24,-125.0,60.0,1406.8,4,6,1999
543,2000 7 30 0,838,1,8.0,0,30,0,7,0.96,-110.0,57.5,1982.1,1,7,2000
544,2000 7 11 0,839,2,14.0,0,11,0,25,1.14,40.0,62.5,1817.6,1,7,2000
545,2000 8 17 0,841,0,7.0,0,17,0,24,1.2,-45.0,42.5,1505.1,1,8,2000
546,2000 9 18 0,843,0,15.0,0,18,0,3,2.8,-35.0,60.0,2074.7,1,9,2000
547,2000 10 6 0,844,0,8.0,0,6,0,14,2.3,40.0,45.0,2129.0,2,10,2000
548,2000 10 16 0,845,0,5.0,0,16,0,21,3.19,25.0,45.0,1917.4,2,10,2000
549,2000 11 19 0,847,0,5.0,0,19,0,24,1.6,-25.0,55.0,3640.8,2,11,2000
550,2000 12 9 0,848,1,7.0,0,9,0,16,3.09,-145.0,55.0,2373.0,2,12,2000
551,2000 12 20 0,849,1,5.0,0,20,0,25,2.81,-140.0,57.5,2679.8,2,12,2000
552,2000 12 22 0,850,0,7.0,0,22,0,29,2.42,-25.0,52.5,2506.6,2,12,2000
553,2000 1 9 0,851,0,14.0,0,9,0,23,2.73,-25.0,55.0,2607.9,3,1,2000
554,2000 2 29 0,852,0,10.0,0,29,0,7,2.61,-10.0,35.0,1421.0,3,2,2000
555,2000 2 11 0,853,1,12.0,0,11,0,23,4.22,-150.0,35.0,1712.3,3,2,2000
556,2000 2 23 0,854,0,10.0,0,23,0,5,2.3,-35.0,50.0,1887.4,3,2,2000
557,2000 3 12 0,855,0,8.0,0,12,0,20,1.73,-40.0,65.0,2579.6,3,3,2000
558,2000 4 11 0,857,0,9.0,0,11,0,20,1.47,-25.0,55.0,2599.0,4,4,2000
559,2000 4 11 0,858,1,6.0,0,11,0,17,1.0,-135.0,55.0,1743.7,4,4,2000
560,2000 5 3 0,860,0,10.0,0,3,0,13,1.93,-20.0,45.0,1780.8,4,5,2000
561,2000 5 17 0,861,0,11.0,0,17,0,28,2.5,-80.0,50.0,3447.2,4,5,2000
562,2000 6 6 0,863,0,7.0,0,6,0,13,1.63,-40.0,52.5,2238.5,4,6,2000
563,2000 6 22 0,866,0,6.0,0,22,0,28,1.43,0.0,65.0,1581.3,4,6,2000
564,2001 7 9 0,869,0,14.0,0,9,0,23,2.63,35.0,60.0,2721.3,1,7,2001
565,2001 7 20 0,870,2,8.0,0,20,0,28,2.78,-95.0,45.0,2391.8,1,7,2001
566,2001 8 26 0,874,0,6.0,0,26,0,1,1.81,30.0,45.0,3613.3,1,8,2001
567,2001 9 23 0,876,0,7.0,0,23,0,30,2.27,0.0,62.5,3847.2,1,9,2001
568,2001 10 15 0,878,0,10.0,0,15,0,25,3.33,10.0,50.0,1512.7,2,10,2001
569,2001 12 8 0,881,0,19.0,0,8,0,27,4.02,0.0,50.0,1764.9,2,12,2001
570,2001 12 23 0,882,1,11.0,0,23,0,3,3.88,-115.0,45.0,1674.1,2,12,2001
571,2001 1 2 0,883,0,9.0,0,2,0,11,3.09,0.0,50.0,2417.6,3,1,2001
572,2001 2 23 0,885,1,8.0,0,23,0,3,2.51,-140.0,50.0,1731.9,3,2,2001
573,2001 3 4 0,887,1,6.0,0,4,0,10,4.17,-165.0,55.0,2698.0,3,3,2001
574,2001 3 15 0,888,1,8.0,0,15,0,23,4.18,-150.0,72.5,2404.8,3,3,2001
575,2001 3 21 0,889,0,9.0,0,21,0,30,2.16,-10.0,70.0,3419.2000000000003,3,3,2001
576,2001 4 29 0,890,1,9.0,0,29,0,7,2.02,-160.0,35.0,2460.6,4,4,2001
577,2001 4 2 0,891,0,6.0,0,2,0,8,2.37,15.0,50.0,1788.3000000000002,4,4,2001
578,2001 4 25 0,893,0,10.0,0,25,0,5,2.6,30.0,35.0,2132.7000000000003,4,4,2001
579,2001 5 10 0,894,0,9.0,0,10,0,19,2.37,-25.0,47.5,2691.8,4,5,2001
580,2001 5 15 0,895,1,6.0,0,15,0,21,2.62,-110.0,60.0,1731.6,4,5,2001
581,2001 5 18 0,896,1,8.0,0,18,0,26,3.61,-155.0,55.0,2514.9,4,5,2001
582,2001 5 23 0,897,0,9.0,0,23,0,1,3.46,30.0,60.0,2421.8,4,5,2001
583,2001 6 3 0,898,0,10.0,0,3,0,13,2.43,20.0,55.0,2078.8,4,6,2001
584,2002 8 30 0,903,1,8.0,0,30,0,7,2.43,-160.0,65.0,2613.6,1,8,2002
585,2002 8 1 0,904,0,10.0,0,1,0,11,1.75,0.0,55.0,2421.8,1,8,2002
586,2002 8 15 0,905,0,13.0,0,15,0,28,2.37,20.0,55.0,1918.8,1,8,2002
587,2002 9 7 0,906,0,11.0,0,7,0,18,3.49,-40.0,45.0,2061.1,1,9,2002
588,2002 9 23 1,907,1,5.0,1,23,1,28,2.95,-150.0,62.5,2344.1,1,9,2002
589,2002 9 20 0,908,0,12.0,0,20,0,2,2.05,-20.0,55.0,2805.1,1,9,2002
590,2002 10 6 0,909,0,9.0,0,6,0,15,2.87,0.0,55.0,2976.2000000000003,2,10,2002
591,2002 10 13 1,910,1,5.0,1,13,1,18,4.3,-130.0,42.5,2084.6,2,10,2002
592,2002 10 22 0,911,1,12.0,0,22,0,3,3.72,-130.0,55.0,1669.6,2,10,2002
593,2002 11 1 0,913,0,5.5,0,1,1,6,2.97,0.0,45.0,2039.1,2,11,2002
594,2002 11 18 0,914,0,7.0,0,18,0,25,3.24,0.0,65.0,2314.7000000000003,2,11,2002
595,2002 11 20 0,915,1,21.0,0,20,0,11,3.77,-120.0,37.5,2509.6,2,11,2002
596,2002 12 26 1,916,0,32.5,1,26,0,28,4.3,10.0,50.0,2626.6,2,12,2002
597,2002 1 2 0,917,0,9.5,0,2,1,11,3.62,-20.0,62.5,1674.2,3,1,2002
598,2002 1 7 0,919,1,21.0,0,7,0,28,4.5,-110.0,45.0,2144.0,3,1,2002
599,2002 1 13 0,920,0,14.0,0,13,0,27,2.09,-20.0,45.0,2109.4,3,1,2002
600,2002 1 25 0,921,0,5.0,0,25,0,30,4.89,-20.0,35.0,1489.0,3,1,2002
601,2002 2 31 1,923,0,5.5,1,31,0,6,3.75,-40.0,40.0,3548.6,3,2,2002
602,2002 2 2 0,925,1,10.0,0,2,0,12,4.64,-130.0,35.0,1699.6,3,2,2002
603,2002 2 11 1,927,0,17.0,1,11,1,28,4.79,10.0,55.0,2002.4,3,2,2002
604,2002 3 1 0,928,1,6.0,0,1,0,7,2.5,-130.0,40.0,1873.7,3,3,2002
605,2002 3 6 0,930,0,15.0,0,6,0,21,1.88,30.0,57.5,2023.7,3,3,2002
606,2002 3 9 0,931,0,19.0,0,9,0,28,3.83,0.0,45.0,1456.0,3,3,2002
607,2002 4 1 0,932,0,17.0,0,1,0,18,4.13,-30.0,45.0,3896.4,4,4,2002
608,2002 4 15 0,934,0,9.0,0,15,0,24,4.22,10.0,55.0,1866.8,4,4,2002
609,2002 4 19 1,935,1,13.5,1,19,0,4,2.54,-110.0,45.0,2230.9,4,4,2002
610,2002 4 23 1,936,0,8.5,1,23,0,3,2.81,-50.0,65.0,1554.3,4,4,2002
611,2002 5 10 0,937,1,9.0,0,10,0,19,2.45,-130.0,55.0,1470.2,4,5,2002
612,2002 6 1 0,939,0,9.0,0,1,0,10,2.27,10.0,50.0,2006.3,4,6,2002
613,2002 6 22 0,941,1,8.0,0,22,0,30,1.65,-150.0,65.0,1945.6,4,6,2002
614,2003 8 6 0,948,0,7.0,0,6,0,13,1.96,0.0,45.0,1811.7,1,8,2003
615,2003 9 24 0,950,0,21.5,0,24,1,13,2.52,-10.0,45.0,2295.0,1,9,2003
616,2003 9 10 0,952,2,10.0,0,10,0,20,2.15,-80.0,45.0,2116.7,1,9,2003
617,2003 9 13 0,954,0,12.0,0,13,0,25,2.12,-10.0,45.0,2542.4,1,9,2003
618,2003 10 24 0,955,0,16.0,0,24,0,10,3.37,-60.0,35.0,3556.8,2,10,2003
619,2003 9 25 0,956,1,12.0,0,25,0,7,4.38,-130.0,42.5,2598.2,1,9,2003
620,2003 10 13 0,959,0,11.0,0,13,0,24,3.12,0.0,55.0,2270.3,2,10,2003
621,2003 11 29 1,960,1,9.5,1,29,0,8,4.32,-140.0,45.0,2829.4,2,11,2003
622,2003 11 5 0,962,0,11.0,0,5,0,16,4.21,10.0,47.5,2652.5,2,11,2003
623,2003 11 27 0,963,0,7.0,0,27,0,4,3.51,30.0,60.0,2559.4,2,11,2003
624,2003 12 4 0,964,0,6.5,0,4,1,10,4.32,-20.0,45.0,2216.4,2,12,2003
625,2003 12 19 0,966,0,7.0,0,19,0,26,3.33,-40.0,45.0,1186.3,2,12,2003
626,2003 12 28 0,967,0,8.0,0,28,0,5,2.2,30.0,50.0,1851.7,2,12,2003
627,2003 12 29 0,968,0,6.0,0,29,0,4,3.17,-30.0,35.0,2657.9,2,12,2003
628,2003 1 2 0,969,1,8.0,0,2,0,10,5.3,-160.0,42.5,2751.2,3,1,2003
629,2003 1 12 0,970,1,6.0,0,12,0,18,2.24,-160.0,45.0,2559.4,3,1,2003
630,2003 1 25 1,973,0,7.0,1,25,1,1,3.4,-30.0,55.0,2481.7,3,1,2003
631,2003 2 9 0,974,1,6.0,0,9,0,15,3.67,-130.0,40.0,2942.7,3,2,2003
632,2003 2 9 0,975,0,13.0,0,9,0,22,4.65,-10.0,32.5,3113.8,3,2,2003
633,2003 2 20 0,976,0,11.0,0,20,0,2,3.39,-40.0,45.0,2222.2,3,2,2003
634,2003 2 20 0,977,1,6.0,0,20,0,6,2.47,-130.0,45.0,1807.2,3,2,2003
635,2003 3 7 1,978,0,10.5,1,7,0,18,4.21,-10.0,60.0,2057.5,3,3,2003
636,2003 3 19 0,979,1,6.0,0,19,0,25,5.39,-170.0,42.5,2176.7,3,3,2003
637,2003 4 29 1,980,0,9.5,1,29,0,8,3.11,10.0,50.0,2452.3,4,4,2003
638,2003 4 4 0,981,0,9.0,0,4,0,13,2.99,-40.0,45.0,2647.2,4,4,2003
639,2003 4 14 0,982,0,8.5,0,14,1,22,2.31,10.0,55.0,2764.2,4,4,2003
640,2003 4 26 0,983,0,10.0,0,26,0,6,2.7,-20.0,42.5,1811.8,4,4,2003
641,2003 5 13 0,986,0,15.0,0,13,0,25,2.22,-10.0,45.0,3721.3,4,5,2003
642,2003 6 3 0,988,0,9.0,0,3,0,12,1.5,-10.0,45.0,2490.3,4,6,2003
643,2003 6 4 0,989,1,18.5,0,4,1,22,3.2,-150.0,65.0,1812.0,4,6,2003
644,2003 6 13 0,990,0,11.0,0,13,0,24,2.99,-20.0,45.0,1884.8,4,6,2003
645,2003 6 24 0,991,1,11.0,0,24,0,5,3.2,-130.0,60.0,2151.4,4,6,2003
646,2004 7 6 0,995,1,5.0,0,6,0,11,1.52,-170.0,50.0,2520.0,1,7,2004
647,2004 8 27 1,998,0,18.5,1,27,0,15,2.91,30.0,55.0,2868.1,1,8,2004
648,2004 8 5 0,999,1,23.5,0,5,1,28,2.64,-150.0,60.0,2352.3,1,8,2004
649,2004 10 8 0,1002,0,7.0,0,8,0,15,3.26,-30.0,55.0,1727.5,2,10,2004
650,2004 10 12 1,1003,1,14.0,1,12,1,26,2.98,-130.0,40.0,2230.9,2,10,2004
651,2004 10 18 0,1004,0,10.0,0,18,0,28,3.22,-50.0,55.0,2223.2,2,10,2004
652,2004 11 2 0,1005,0,11.0,0,2,0,13,2.24,20.0,37.5,2977.1,2,11,2004
653,2004 11 4 0,1006,0,22.0,0,4,0,26,3.02,-20.0,40.0,2481.5,2,11,2004
654,2004 12 9 0,1008,0,5.0,0,9,0,14,3.16,0.0,52.5,1535.4,2,12,2004
655,2004 12 19 0,1009,1,6.0,0,19,0,25,3.53,-130.0,40.0,3314.0,2,12,2004
656,2004 1 27 0,1011,0,13.0,0,27,0,9,2.58,-40.0,40.0,1974.4,3,1,2004
657,2004 1 2 0,1012,1,9.5,0,2,1,11,4.51,-150.0,45.0,2657.9,3,1,2004
658,2004 1 23 0,1013,0,13.0,0,23,0,5,4.6,-20.0,55.0,2620.4,3,1,2004
659,2004 2 18 0,1014,0,31.0,0,18,0,18,3.46,30.0,50.0,1644.5,3,2,2004
660,2004 2 10 1,1015,0,31.5,1,10,0,14,5.15,-30.0,40.0,2353.0,3,2,2004
661,2004 2 14 1,1016,1,14.0,1,14,1,28,3.44,-140.0,45.0,1874.5,3,2,2004
662,2004 3 15 1,1018,0,5.0,1,15,1,20,4.62,0.0,37.5,2457.1,3,3,2004
663,2004 3 17 1,1019,1,5.0,1,17,1,22,4.28,-130.0,45.0,2015.5,3,3,2004
664,2004 4 26 0,1021,0,17.0,0,26,0,12,3.63,-10.0,60.0,2456.3,4,4,2004
665,2004 4 11 0,1022,2,5.0,0,11,0,16,2.97,-90.0,50.0,2537.0,4,4,2004
666,2004 4 16 1,1024,0,10.0,1,16,1,26,2.72,0.0,65.0,2397.4,4,4,2004
667,2004 5 20 0,1025,1,23.0,0,20,0,13,3.81,-120.0,55.0,2712.1,4,5,2004
668,2004 5 6 0,1026,1,7.5,0,6,1,13,2.48,-130.0,50.0,2515.8,4,5,2004
669,2004 5 12 0,1028,0,20.0,0,12,0,1,2.58,-40.0,50.0,2158.4,4,5,2004
670,2004 6 5 0,1029,1,5.0,0,5,0,10,2.38,-110.0,52.5,2211.4,4,6,2004
671,2005 7 29 1,1032,0,12.5,1,29,0,12,2.5,0.0,60.0,1787.6,1,7,2005
672,2005 7 15 1,1033,1,11.5,1,15,1,27,2.33,-150.0,62.5,1709.7,1,7,2005
673,2005 7 14 1,1034,0,14.5,1,14,0,29,1.57,30.0,55.0,1595.7,1,7,2005
674,2005 7 21 0,1035,0,6.0,0,21,0,27,2.3,-30.0,70.0,2651.6,1,7,2005
675,2005 8 5 0,1036,2,9.0,0,5,0,14,2.41,40.0,50.0,2845.3,1,8,2005
676,2005 8 6 1,1037,1,13.0,1,6,1,19,2.76,-160.0,50.0,3843.1,1,8,2005
677,2005 8 18 0,1038,0,14.0,0,18,0,1,2.72,10.0,55.0,2090.7,1,8,2005
678,2005 9 31 0,1039,0,10.0,0,31,0,10,1.88,10.0,50.0,2107.1,1,9,2005
679,2005 9 18 1,1041,0,15.5,1,18,0,4,2.48,0.0,52.5,2557.3,1,9,2005
680,2005 10 4 0,1043,0,12.5,0,4,1,16,3.95,10.0,55.0,1490.4,2,10,2005
681,2005 10 22 1,1044,1,6.5,1,22,0,29,2.77,-120.0,45.0,2218.8,2,10,2005
682,2005 11 27 1,1045,0,11.0,1,27,1,7,3.09,10.0,45.0,2184.2,2,11,2005
683,2005 11 9 0,1046,0,5.5,0,9,1,14,1.85,20.0,55.0,1563.8,2,11,2005
684,2005 11 17 0,1049,0,12.0,0,17,0,29,4.08,-10.0,65.0,1576.6,2,11,2005
685,2005 11 18 0,1050,1,6.0,0,18,0,24,3.87,-130.0,45.0,1774.4,2,11,2005
686,2005 12 9 0,1052,0,27.0,0,9,0,5,3.56,-10.0,40.0,2077.2,2,12,2005
687,2005 12 15 0,1053,1,5.0,0,15,0,20,4.12,-130.0,45.0,1948.5,2,12,2005
688,2005 1 3 1,1055,0,13.5,1,3,0,17,4.71,-20.0,45.0,2098.5,3,1,2005
689,2005 1 19 0,1056,0,21.0,0,19,0,10,3.46,0.0,45.0,1530.8,3,1,2005
690,2005 2 17 1,1057,1,5.0,1,17,1,22,2.71,-140.0,52.5,3971.2,3,2,2005
691,2005 2 21 0,1059,0,12.0,0,21,0,5,4.71,-20.0,55.0,1941.6,3,2,2005
692,2005 3 14 1,1060,0,7.5,1,14,0,22,3.88,-10.0,45.0,2305.7,3,3,2005
693,2005 4 17 0,1061,2,7.0,0,17,0,24,1.61,-90.0,50.0,1629.1,4,4,2005
694,2005 5 30 0,1062,0,10.0,0,30,0,10,3.67,30.0,67.5,1545.0,4,5,2005
695,2005 5 10 1,1064,0,5.0,1,10,1,15,2.26,-60.0,50.0,2253.0,4,5,2005
696,2005 5 22 1,1065,1,6.5,1,22,0,29,2.18,-170.0,57.5,2041.4,4,5,2005
697,2005 6 31 0,1066,0,5.0,0,31,0,5,2.25,-20.0,45.0,1828.0,4,6,2005
698,2005 6 8 0,1068,0,5.5,0,8,1,13,2.42,-10.0,50.0,2497.0,4,6,2005
699,2005 6 18 0,1069,1,5.0,0,18,0,23,1.89,-120.0,60.0,2803.8,4,6,2005
700,2005 6 18 0,1070,0,7.0,0,18,0,25,2.4,30.0,55.0,2630.6,4,6,2005
701,2006 7 30 1,1073,0,18.0,1,30,1,18,1.87,10.0,57.5,1836.3,1,7,2006
702,2006 7 1 0,1074,1,5.0,0,1,0,6,1.3,-160.0,50.0,2011.4,1,7,2006
703,2006 9 10 1,1078,0,8.0,1,10,1,18,2.88,10.0,45.0,1867.7,1,9,2006
704,2006 9 15 1,1079,1,8.5,1,15,0,24,2.58,-130.0,65.0,1318.2,1,9,2006
705,2006 9 21 1,1080,0,6.5,1,21,0,28,2.55,10.0,50.0,1904.8,1,9,2006
706,2006 10 3 0,1081,1,9.5,0,3,1,12,2.54,-150.0,35.0,3571.2,2,10,2006
707,2006 10 9 0,1082,0,11.0,0,9,0,20,2.64,10.0,45.0,2063.2,2,10,2006
708,2006 11 5 0,1083,0,7.0,0,5,0,12,2.49,-20.0,50.0,2362.5,2,11,2006
709,2006 11 26 0,1085,0,10.0,0,26,0,6,3.15,20.0,45.0,2781.9,2,11,2006
710,2006 12 8 0,1086,0,5.5,0,8,1,13,1.37,30.0,45.0,1705.3,2,12,2006
711,2006 12 18 0,1087,0,9.5,0,18,1,27,4.98,-20.0,45.0,2050.0,2,12,2006
712,2006 1 22 1,1090,0,13.5,1,22,0,5,4.87,-30.0,45.0,2619.0,3,1,2006
713,2006 1 26 0,1091,1,7.0,0,26,0,2,5.55,-130.0,55.0,3205.7,3,1,2006
714,2006 3 11 0,1094,0,5.5,0,11,1,16,1.87,0.0,45.0,2562.4,3,3,2006
715,2006 3 20 0,1095,0,11.0,0,20,0,31,3.8,40.0,45.0,2633.6,3,3,2006
716,2006 4 31 1,1096,0,20.0,1,31,1,20,3.13,-10.0,55.0,2734.9,4,4,2006
717,2006 4 7 0,1097,1,5.0,0,7,0,12,3.31,-120.0,45.0,2568.2,4,4,2006
718,2006 4 25 0,1100,0,10.0,0,25,0,5,3.1,10.0,50.0,2109.1,4,4,2006
719,2006 5 13 1,1102,0,9.0,1,13,1,22,1.96,20.0,45.0,2562.4,4,5,2006
720,2006 6 30 1,1104,0,11.5,1,30,0,11,3.46,-10.0,65.0,1976.7,4,6,2006
721,2007 7 2 0,1109,1,9.0,0,2,0,11,1.83,-150.0,70.0,2633.4,1,7,2007
722,2007 8 5 1,1112,0,6.0,1,5,1,11,2.63,20.0,55.0,1872.5,1,8,2007
723,2007 9 2 1,1114,0,12.5,1,2,0,15,2.27,-30.0,45.0,2985.7,1,9,2007
724,2007 10 24 0,1115,0,19.5,0,24,1,13,2.3,20.0,50.0,2168.7,2,10,2007
725,2007 10 10 0,1116,0,8.0,0,10,0,18,1.97,-20.0,45.0,2560.3,2,10,2007
726,2007 11 1 0,1117,0,6.5,0,1,1,7,3.05,-10.0,45.0,2715.1,2,11,2007
727,2007 12 30 1,1118,1,5.5,1,30,0,6,5.58,-140.0,60.0,2660.9,2,12,2007
728,2007 12 12 0,1120,0,10.5,0,12,1,22,5.78,0.0,55.0,2945.7,2,12,2007
729,2007 1 31 1,1123,0,8.5,1,31,0,9,5.99,10.0,65.0,1632.1,3,1,2007
730,2007 1 14 0,1125,0,9.5,0,14,1,23,2.29,30.0,45.0,2671.7,3,1,2007
731,2007 1 21 0,1126,1,6.0,0,21,0,27,4.73,-140.0,50.0,2500.0,3,1,2007
732,2007 2 7 0,1129,0,12.0,0,7,0,19,4.3,0.0,40.0,1598.7,3,2,2007
733,2007 2 16 0,1130,1,7.0,0,16,0,23,3.58,-130.0,35.0,2493.3,3,2,2007
734,2007 4 1 0,1134,0,8.5,0,1,1,9,3.27,-20.0,37.5,2014.4,4,4,2007
735,2007 4 3 0,1135,2,8.5,0,3,1,11,2.29,40.0,55.0,2363.4,4,4,2007
736,2007 4 16 0,1136,0,9.0,0,16,0,25,2.15,-10.0,55.0,2706.6,4,4,2007
737,2007 4 19 0,1137,1,6.0,0,19,0,25,3.36,-150.0,45.0,1708.3,4,4,2007
738,2007 4 26 0,1138,0,10.0,0,26,0,6,3.38,-60.0,55.0,2308.7,4,4,2007
739,2007 5 27 0,1139,0,18.0,0,27,0,15,2.69,20.0,55.0,2184.5,4,5,2007
740,2007 6 28 0,1142,1,7.5,0,28,1,5,1.84,-150.0,50.0,1734.5,4,6,2007
741,2007 6 29 1,1143,0,9.5,1,29,0,8,3.3,20.0,45.0,2718.0,4,6,2007
742,2007 6 13 0,1145,0,9.0,0,13,0,22,2.43,-50.0,60.0,1870.7,4,6,2007
743,2007 6 17 0,1147,1,8.0,0,17,0,25,1.41,-170.0,42.5,2523.0,4,6,2007
744,2008 7 2 0,1149,0,8.0,0,2,0,10,2.44,20.0,55.0,2201.7,1,7,2008
745,2008 7 15 0,1151,2,9.0,0,15,0,24,1.86,40.0,55.0,2035.1,1,7,2008
746,2008 7 23 0,1152,0,9.0,0,23,0,1,2.37,0.0,42.5,2298.0,1,7,2008
747,2008 9 7 0,1154,0,13.0,0,7,0,20,3.52,-20.0,55.0,2871.1,1,9,2008
748,2008 9 20 0,1155,0,9.0,0,20,0,29,3.23,-10.0,50.0,2066.2,1,9,2008
749,2008 10 26 1,1157,2,7.5,1,26,0,3,3.02,40.0,52.5,2540.0,2,10,2008
750,2008 11 3 0,1158,1,6.0,0,3,0,9,2.32,-160.0,75.0,3317.0,2,11,2008
751,2008 11 5 0,1159,0,11.0,0,5,0,16,3.46,0.0,60.0,3767.8,2,11,2008
752,2008 11 14 0,1160,0,15.5,0,14,1,29,4.25,-20.0,45.0,2848.3,2,11,2008
753,2008 12 12 0,1161,0,8.0,0,12,0,20,2.62,30.0,55.0,2080.2,2,12,2008
754,2008 12 14 0,1162,1,8.0,0,14,0,22,4.63,-160.0,55.0,2197.1,2,12,2008
755,2008 12 19 0,1163,0,16.0,0,19,0,4,4.12,-10.0,42.5,2273.3,2,12,2008
756,2008 1 6 1,1166,0,6.5,1,6,0,13,3.5,-20.0,50.0,2356.0,3,1,2008
757,2008 1 10 1,1167,1,10.5,1,10,0,21,5.49,-130.0,37.5,2650.2,3,1,2008
758,2008 1 27 1,1168,1,10.5,1,27,0,4,2.68,-150.0,37.5,1538.4,3,1,2008
759,2008 1 29 0,1169,0,5.5,0,29,1,3,3.96,10.0,55.0,2018.5,3,1,2008
760,2008 2 20 0,1171,0,7.5,0,20,1,27,3.32,-20.0,45.0,,3,2,2008
761,2008 3 27 0,1172,1,9.0,0,27,0,8,3.05,-170.0,40.0,2204.2,3,3,2008
762,2008 3 1 1,1173,0,5.5,1,1,0,7,3.51,-30.0,45.0,1928.9,3,3,2008
763,2008 3 15 0,1174,0,15.0,0,15,0,30,3.36,-10.0,42.5,1321.2,3,3,2008
764,2008 4 31 0,1176,0,8.0,0,31,0,8,2.42,0.0,52.5,2110.1,4,4,2008
765,2008 4 9 1,1177,0,11.5,1,9,0,21,2.88,20.0,45.0,1653.3,4,4,2008
766,2008 4 22 1,1179,1,10.5,1,22,0,3,3.76,-150.0,45.0,1566.8,4,4,2008
767,2008 4 23 1,1180,0,9.5,1,23,0,3,3.49,10.0,50.0,1533.8,4,4,2008
768,2008 5 5 0,1181,2,5.0,0,5,0,10,1.69,40.0,55.0,1815.0,4,5,2008
769,2008 5 9 0,1182,1,5.5,0,9,1,14,2.82,-170.0,55.0,1810.2,4,5,2008
770,2008 5 11 0,1183,0,13.0,0,11,0,24,3.13,-10.0,55.0,1579.6,4,5,2008
771,2008 5 18 1,1184,1,14.5,1,18,0,2,2.78,-150.0,65.0,1907.8,4,5,2008
772,2008 5 28 0,1185,0,10.0,0,28,0,8,2.92,-10.0,45.0,1831.0,4,5,2008
773,2008 6 1 0,1186,1,5.0,0,1,0,6,3.46,-130.0,55.0,2060.5,4,6,2008
774,2008 6 22 0,1190,0,12.0,0,22,0,4,2.48,-10.0,50.0,2219.4,4,6,2008
775,2009 7 6 0,1193,1,8.5,0,6,1,14,2.22,-150.0,60.0,,1,7,2009
776,2009 8 3 0,1197,0,9.5,0,3,1,12,2.04,20.0,70.0,2119.7,1,8,2009
777,2009 8 4 0,1198,1,7.0,0,4,0,11,1.89,-140.0,45.0,2187.2,1,8,2009
778,2009 9 10 1,1202,0,5.0,1,10,1,15,3.14,-10.0,52.5,2179.7,1,9,2009
779,2009 9 12 0,1203,1,5.5,0,12,1,17,2.63,-110.0,45.0,3356.0,1,9,2009
780,2009 9 22 0,1206,0,7.5,0,22,1,29,1.86,-20.0,45.0,2623.4,1,9,2009
781,2009 10 10 1,1207,1,5.0,1,10,1,15,3.43,-140.0,60.0,1548.0,2,10,2009
782,2009 10 10 0,1208,0,7.0,0,10,0,17,3.55,-20.0,35.0,1777.4,2,10,2009
783,2009 10 29 0,1209,1,5.0,0,29,0,3,2.89,-170.0,55.0,2980.1,2,10,2009
784,2009 11 31 0,1210,0,10.0,0,31,0,10,3.76,20.0,55.0,2161.4,2,11,2009
785,2009 12 1 1,1212,0,9.5,1,1,0,11,3.0,40.0,45.0,2484.5,2,12,2009
786,2009 12 1 1,1213,1,15.0,1,1,1,16,4.57,-130.0,40.0,2948.6,2,12,2009
787,2009 12 9 0,1214,0,14.0,0,9,0,23,4.38,-10.0,55.0,2824.3,2,12,2009
788,2009 1 30 0,1216,0,21.0,0,30,0,20,4.47,-40.0,50.0,2256.0,3,1,2009
789,2009 1 4 1,1218,1,7.5,1,4,0,12,2.75,-140.0,55.0,3254.0,3,1,2009
790,2009 1 22 1,1219,1,7.5,1,22,0,30,4.55,-170.0,45.0,2455.3,3,1,2009
791,2009 1 23 0,1220,0,8.0,0,23,0,31,4.89,0.0,50.0,2726.0,3,1,2009
792,2009 2 6 0,1222,1,5.5,0,6,1,11,2.09,-110.0,55.0,3626.4,3,2,2009
793,2009 2 7 0,1223,0,20.0,0,7,0,27,2.67,-10.0,55.0,2784.9,3,2,2009
794,2009 2 18 0,1225,1,5.0,0,18,0,23,3.65,-130.0,50.0,2154.4,3,2,2009
795,2009 3 2 0,1226,1,5.0,0,2,0,7,2.26,-110.0,45.0,3559.8,3,3,2009
796,2009 3 3 0,1227,0,12.0,0,3,0,15,3.16,-30.0,45.0,3846.1,3,3,2009
797,2009 3 16 0,1229,1,10.0,0,16,0,26,3.55,-160.0,60.0,3077.7,3,3,2009
798,2009 4 9 0,1231,0,11.0,0,9,0,20,2.96,-10.0,45.0,2934.7,4,4,2009
799,2009 4 20 0,1234,1,7.5,0,20,1,27,3.34,-110.0,55.0,2767.2,4,4,2009
800,2009 5 2 0,1235,0,14.0,0,2,0,16,2.98,-20.0,55.0,2754.2,4,5,2009
801,2009 5 2 1,1236,2,21.5,1,2,0,24,3.08,40.0,50.0,2845.4,4,5,2009
802,2009 5 4 1,1237,1,7.0,1,4,1,11,3.06,-160.0,50.0,3974.2,4,5,2009
803,2009 5 26 0,1238,1,8.0,0,26,0,3,1.77,-130.0,65.0,1730.5,4,5,2009
804,2010 7 4 0,1242,0,26.0,0,4,0,30,2.44,20.0,55.0,2614.0,1,7,2010
805,2010 8 10 0,1246,1,6.0,0,10,0,16,2.55,-140.0,45.0,2900.0,1,8,2010
806,2010 9 4 0,1247,0,18.0,0,4,0,22,2.27,0.0,55.0,2451.0,1,9,2010
807,2010 10 27 0,1249,0,12.0,0,27,0,9,4.15,0.0,62.5,3071.0,2,10,2010
808,2010 10 9 0,1250,0,10.0,0,9,0,19,3.83,10.0,60.0,3163.0,2,10,2010
809,2010 11 29 1,1251,0,5.5,1,29,0,4,2.03,20.0,45.0,2512.0,2,11,2010
810,2010 12 19 0,1254,0,33.0,0,19,0,22,4.73,10.0,55.0,2507.0,2,12,2010
811,2010 1 29 0,1258,0,9.0,0,29,0,7,4.19,-30.0,50.0,2904.0,3,1,2010
812,2010 1 8 1,1260,1,9.0,1,8,1,17,4.98,-160.0,47.5,3264.0,3,1,2010
813,2010 1 19 0,1262,0,14.0,0,19,0,2,4.32,-10.0,55.0,3154.0,3,1,2010
814,2010 2 4 0,1263,1,6.0,0,4,0,10,4.04,-130.0,35.0,3384.0,3,2,2010
815,2010 2 4 0,1264,0,7.0,0,4,0,11,3.39,-20.0,40.0,3593.0,3,2,2010
816,2010 3 20 0,1266,1,23.0,0,20,0,12,4.59,-160.0,45.0,3038.0,3,3,2010
817,2010 2 20 0,1267,0,9.0,0,20,0,1,2.44,0.0,60.0,3184.0,3,2,2010
818,2010 3 1 0,1268,0,8.0,0,1,0,9,4.46,20.0,57.5,3152.0,3,3,2010
819,2010 3 16 0,1269,0,7.0,0,16,0,23,4.38,20.0,60.0,2585.0,3,3,2010
820,2010 3 18 0,1270,0,10.0,0,18,0,28,3.72,-20.0,40.0,3296.0,3,3,2010
821,2010 3 18 1,1271,1,10.5,1,18,0,29,2.86,-160.0,60.0,2269.0,3,3,2010
822,2010 4 15 1,1273,0,12.0,1,15,1,27,2.59,-20.0,45.0,2881.0,4,4,2010
823,2010 5 4 0,1275,2,8.0,0,4,0,12,2.77,40.0,65.0,2818.0,4,5,2010
824,2010 6 19 0,1278,1,8.5,0,19,1,27,2.35,-110.0,65.0,2270.0,4,6,2010
825,2011 8 17 0,1284,0,7.0,0,17,0,24,2.13,30.0,75.0,2039.0,1,8,2011
826,2011 9 28 0,1287,0,5.0,0,28,0,3,3.65,10.0,50.0,2676.0,1,9,2011
827,2011 10 22 0,1289,0,7.0,0,22,0,29,3.38,20.0,50.0,2257.0,2,10,2011
828,2011 11 31 0,1290,0,20.5,0,31,1,20,3.99,20.0,50.0,2655.0,2,11,2011
829,2011 12 1 0,1291,1,9.0,0,1,0,10,3.46,-140.0,40.0,2434.0,2,12,2011
830,2011 1 9 1,1293,0,7.0,1,9,1,16,3.55,-20.0,45.0,3014.0,3,1,2011
831,2011 1 12 0,1294,1,15.0,0,12,0,27,5.01,-130.0,40.0,3080.0,3,1,2011
832,2011 2 3 1,1297,1,8.5,1,3,0,12,5.69,-120.0,50.0,2826.0,3,2,2011
833,2011 2 23 0,1299,0,9.0,0,23,0,3,3.77,-10.0,45.0,3200.0,3,2,2011
834,2011 3 7 0,1300,0,8.5,0,7,1,15,4.08,-20.0,40.0,2590.0,3,3,2011
835,2011 3 25 0,1301,0,8.0,0,25,0,2,5.06,0.0,50.0,3076.0,3,3,2011
836,2011 4 27 0,1303,0,5.0,0,27,0,2,3.15,30.0,50.0,3301.0,4,4,2011
837,2011 5 23 0,1306,0,11.0,0,23,0,3,3.25,0.0,55.0,2640.0,4,5,2011
838,2011 6 20 1,1309,0,6.0,1,20,1,26,2.18,-50.0,65.0,2448.0,4,6,2011
839,2012 8 11 0,1313,0,5.0,0,11,0,16,2.44,0.0,55.0,2555.0,1,8,2012
840,2012 10 30 0,1314,1,10.0,0,30,0,10,3.64,-130.0,40.0,4040.0,2,10,2012
841,2012 10 23 0,1316,1,14.0,0,23,0,6,3.71,-170.0,55.0,2948.0,2,10,2012
842,2012 10 24 0,1317,0,9.0,0,24,0,2,3.43,-20.0,55.0,3323.0,2,10,2012
843,2012 1 2 1,1321,0,5.5,1,2,0,8,4.15,-10.0,45.0,2619.0,3,1,2012
844,2012 1 9 1,1322,0,5.0,1,9,1,14,3.61,0.0,55.0,2308.0,3,1,2012
845,2012 1 10 0,1323,1,13.0,0,10,0,23,3.53,-150.0,35.0,3074.0,3,1,2012
846,2012 1 16 0,1324,0,8.0,0,16,0,24,4.26,0.0,65.0,2937.0,3,1,2012
847,2012 1 26 1,1327,1,5.0,1,26,1,31,2.95,-150.0,40.0,3031.0,3,1,2012
848,2012 2 16 1,1330,0,7.5,1,16,0,24,3.25,0.0,50.0,2109.0,3,2,2012
849,2012 3 26 0,1331,0,7.0,0,26,0,5,4.03,-10.0,60.0,3588.0,3,3,2012
850,2012 3 8 0,1332,0,5.0,0,8,0,13,4.06,0.0,60.0,2260.0,3,3,2012
851,2012 3 9 1,1333,1,5.0,1,9,1,14,3.87,-170.0,45.0,2266.0,3,3,2012
852,2012 3 13 1,1334,0,5.5,1,13,0,19,3.77,-30.0,45.0,2323.0,3,3,2012
853,2012 3 22 0,1335,0,5.0,0,22,0,27,2.39,0.0,75.0,4341.0,3,3,2012
854,2012 4 31 0,1336,0,5.0,0,31,0,5,2.05,-30.0,65.0,4764.0,4,4,2012
855,2012 4 11 1,1339,1,33.0,1,11,1,14,2.49,-140.0,32.5,3126.0,4,4,2012
856,2012 4 25 1,1341,0,6.0,1,25,1,1,2.32,-50.0,40.0,3139.0,4,4,2012
857,2012 5 27 1,1342,0,10.0,1,27,1,7,1.65,30.0,40.0,3983.0,4,5,2012
858,2012 5 1 1,1343,2,7.5,1,1,0,9,1.66,-80.0,45.0,3780.0,4,5,2012
859,2012 5 6 1,1345,0,17.0,1,6,1,23,2.51,30.0,50.0,2409.0,4,5,2012
860,2012 5 11 1,1347,0,17.5,1,11,0,29,2.7,-30.0,50.0,3128.0,4,5,2012
861,2012 5 21 0,1349,1,7.0,0,21,0,28,2.72,-110.0,45.0,3014.0,4,5,2012
862,2012 6 31 0,1351,1,7.0,0,31,0,7,2.36,-110.0,55.0,2101.0,4,6,2012
863,2012 6 14 1,1353,1,15.5,1,14,0,30,2.92,-150.0,65.0,3027.0,4,6,2012
864,2013 7 13 0,1357,1,33.0,0,13,0,15,2.7,-150.0,70.0,2837.0,1,7,2013
865,2013 7 17 0,1359,0,6.0,0,17,0,23,2.84,0.0,50.0,2461.0,1,7,2013
866,2013 8 9 1,1361,0,8.0,1,9,1,17,1.68,-20.0,50.0,2664.0,1,8,2013
867,2013 8 23 0,1362,0,5.5,0,23,1,28,2.45,0.0,60.0,1828.0,1,8,2013
868,2013 9 6 0,1363,0,15.0,0,6,0,21,2.51,20.0,55.0,2176.0,1,9,2013
869,2013 10 29 0,1364,0,5.0,0,29,0,4,3.03,0.0,55.0,2159.0,2,10,2013
870,2013 10 9 1,1365,0,13.0,1,9,1,22,3.06,-20.0,50.0,2553.0,2,10,2013
871,2013 10 15 0,1366,1,14.0,0,15,0,29,3.74,-130.0,42.5,3151.0,2,10,2013
872,2013 10 26 0,1368,0,7.5,0,26,1,2,1.48,20.0,40.0,3124.0,2,10,2013
873,2013 11 10 0,1370,0,14.0,0,10,0,24,3.08,-30.0,35.0,2932.0,2,11,2013
874,2013 11 22 0,1371,1,5.0,0,22,0,27,3.39,-140.0,35.0,2632.0,2,11,2013
875,2013 12 21 1,1372,0,22.5,1,21,0,14,3.82,-20.0,55.0,3322.0,2,12,2013
876,2013 12 18 1,1374,1,5.0,1,18,1,23,3.49,-150.0,40.0,3006.0,2,12,2013
877,2013 12 26 0,1375,2,8.0,0,26,0,3,1.71,40.0,45.0,2517.0,2,12,2013
878,2013 1 9 0,1376,0,29.0,0,9,0,7,4.1,-10.0,40.0,2403.0,3,1,2013
879,2013 2 23 0,1377,1,24.0,0,23,0,16,5.93,-130.0,45.0,2957.0,3,2,2013
880,2013 2 23 0,1379,1,18.0,0,23,0,1,3.87,-150.0,65.0,2744.0,3,2,2013
881,2013 2 24 0,1380,0,5.0,0,24,0,1,3.8,30.0,55.0,2472.0,3,2,2013
882,2013 3 5 1,1381,0,8.5,1,5,0,14,3.91,30.0,55.0,3422.0,3,3,2013
883,2013 3 14 0,1382,0,12.0,0,14,0,26,2.89,-20.0,45.0,2816.0,3,3,2013
884,2013 3 20 0,1383,1,10.5,0,20,1,30,4.24,-170.0,60.0,2140.0,3,3,2013
885,2013 3 26 1,1384,0,6.5,1,26,0,2,4.61,0.0,65.0,2252.0,3,3,2013
886,2013 4 19 1,1385,0,7.0,1,19,1,26,3.8,20.0,60.0,2931.0,4,4,2013
887,2013 5 1 0,1386,1,5.0,0,1,0,6,2.96,-160.0,60.0,1873.0,4,5,2013
888,2013 5 8 1,1387,1,15.0,1,8,1,23,2.64,-170.0,45.0,2536.0,4,5,2013
889,2013 6 14 0,1391,0,7.0,0,14,0,21,2.89,-20.0,45.0,2416.0,4,6,2013
890,2013 6 20 1,1393,2,5.0,1,20,1,25,2.26,-90.0,55.0,1849.0,4,6,2013
891,2014 7 7 0,1395,0,8.0,0,7,0,15,3.22,20.0,60.0,1866.0,1,7,2014
892,2014 7 19 1,1397,0,19.0,1,19,1,7,2.63,20.0,60.0,3000.0,1,7,2014
893,2014 7 24 0,1399,1,8.0,0,24,0,1,1.89,-100.0,60.0,1985.0,1,7,2014
894,2014 7 18 0,1400,0,21.0,0,18,0,8,2.4,30.0,67.5,2630.0,1,7,2014
895,2014 8 13 1,1401,0,7.0,1,13,1,20,2.87,-60.0,55.0,2183.0,1,8,2014
896,2014 9 9 0,1403,0,9.5,0,9,1,18,2.59,-10.0,50.0,2467.0,1,9,2014
897,2014 10 28 1,1405,1,6.0,1,28,1,4,1.79,-120.0,50.0,2156.0,2,10,2014
898,2014 10 24 0,1407,0,8.0,0,24,0,1,2.39,20.0,55.0,2674.0,2,10,2014
899,2014 11 30 1,1408,0,6.0,1,30,1,5,2.41,30.0,45.0,2413.0,2,11,2014
900,2014 11 5 0,1409,1,12.0,0,5,0,17,4.12,-170.0,65.0,2432.0,2,11,2014
901,2014 11 14 0,1410,0,12.0,0,14,0,26,4.04,20.0,55.0,2600.0,2,11,2014
902,2014 12 12 1,1411,0,24.0,1,12,1,5,3.09,-40.0,40.0,2934.0,2,12,2014
903,2014 12 14 1,1412,1,6.5,1,14,0,21,2.82,-120.0,45.0,2080.0,2,12,2014
904,2014 1 28 1,1413,1,21.0,1,28,1,18,4.19,-140.0,45.0,2777.0,3,1,2014
905,2014 2 28 0,1415,0,23.0,0,28,0,20,4.47,-30.0,40.0,2905.0,3,2,2014
906,2014 2 22 0,1417,0,13.0,0,22,0,7,3.34,40.0,45.0,2359.0,3,2,2014
907,2014 2 21 0,1418,1,9.0,0,21,0,2,4.28,-130.0,55.0,2622.0,3,2,2014
908,2014 3 13 0,1420,0,6.5,0,13,1,19,5.82,30.0,60.0,2731.0,3,3,2014
909,2014 3 19 0,1421,0,7.0,0,19,0,26,3.45,-10.0,50.0,2140.0,3,3,2014
910,2014 4 28 1,1422,0,9.5,1,28,0,7,3.85,40.0,55.0,2258.0,4,4,2014
911,2014 4 3 1,1423,0,6.5,1,3,0,10,3.69,-20.0,47.5,1939.0,4,4,2014
912,2014 4 17 0,1424,0,6.0,0,17,0,23,4.68,0.0,60.0,2539.0,4,4,2014
913,2014 5 8 0,1426,1,24.0,0,8,0,2,3.76,-130.0,45.0,2455.0,4,5,2014
914,2014 6 13 0,1429,1,10.0,0,13,0,23,3.43,-160.0,52.5,2667.0,4,6,2014
915,2014 6 16 1,1430,0,5.5,1,16,0,22,2.2,-20.0,45.0,2881.0,4,6,2014
916,2014 6 22 0,1432,0,6.0,0,22,0,28,2.33,-30.0,65.0,2479.0,4,6,2014
917,2015 8 7 1,1436,0,5.0,1,7,1,12,2.18,20.0,50.0,2334.0,1,8,2015
918,2015 8 15 0,1437,0,10.0,0,15,0,25,3.73,20.0,60.0,2278.0,1,8,2015
919,2015 8 22 0,1438,1,8.0,0,22,0,30,2.81,-170.0,45.0,2848.0,1,8,2015
920,2015 9 1 0,1439,0,14.0,0,1,0,15,3.56,-20.0,60.0,2400.0,1,9,2015
921,2015 9 27 1,1442,0,5.5,1,27,0,3,3.24,0.0,55.0,2816.0,1,9,2015
922,2015 10 6 0,1443,0,8.0,0,6,0,14,3.94,20.0,65.0,1854.0,2,10,2015
923,2015 10 16 1,1444,0,5.0,1,16,1,21,3.21,-10.0,55.0,1933.0,2,10,2015
924,2015 11 27 0,1445,0,11.0,0,27,0,7,4.07,20.0,55.0,2512.0,2,11,2015
925,2015 11 7 0,1446,0,6.0,0,7,0,13,2.77,-10.0,40.0,3121.0,2,11,2015
926,2015 11 14 1,1447,0,11.5,1,14,0,26,3.16,0.0,40.0,3277.0,2,11,2015
927,2015 11 23 1,1449,1,8.0,1,23,1,1,3.96,-150.0,45.0,2476.0,2,11,2015
928,2015 12 5 0,1450,0,5.0,0,5,0,10,2.2,10.0,45.0,2689.0,2,12,2015
929,2015 12 20 1,1452,0,9.5,1,20,0,30,3.82,20.0,45.0,3114.0,2,12,2015
930,2015 1 30 0,1453,1,11.0,0,30,0,10,4.81,-130.0,55.0,2768.0,3,1,2015
931,2015 1 31 0,1454,0,9.0,0,31,0,9,5.42,20.0,60.0,3483.0,3,1,2015
932,2015 2 7 1,1456,0,7.5,1,7,0,15,3.22,20.0,45.0,2457.0,3,2,2015
933,2015 3 26 1,1458,1,13.5,1,26,0,11,2.99,-40.0,35.0,2936.0,3,3,2015
934,2015 3 12 0,1460,0,11.0,0,12,0,23,5.28,-20.0,45.0,2523.0,3,3,2015
935,2015 3 28 0,1462,0,5.0,0,28,0,2,3.43,30.0,60.0,2032.0,3,3,2015
936,2015 3 28 1,1463,1,5.5,1,28,0,3,3.54,-140.0,50.0,2674.0,3,3,2015
937,2015 4 5 1,1464,1,6.5,1,5,0,12,3.58,-130.0,45.0,2419.0,4,4,2015
938,2015 4 11 0,1465,0,7.0,0,11,0,18,3.14,-40.0,60.0,2887.0,4,4,2015
939,2015 4 14 1,1466,2,7.0,1,14,1,21,2.22,-90.0,40.0,2766.0,4,4,2015
940,2015 4 20 0,1467,0,8.0,0,20,0,28,4.23,0.0,55.0,2389.0,4,4,2015
941,2015 4 25 0,1468,2,10.0,0,25,0,5,3.79,-100.0,55.0,2319.0,4,4,2015
942,2015 5 5 1,1470,0,5.0,1,5,1,10,2.15,0.0,45.0,2953.0,4,5,2015
943,2015 5 7 1,1471,1,10.0,1,7,1,17,2.71,-140.0,35.0,2653.0,4,5,2015
944,2015 5 15 0,1472,0,17.0,0,15,0,1,2.9,40.0,55.0,2172.0,4,5,2015
945,2015 6 1 0,1475,0,6.0,0,1,0,7,3.39,-10.0,55.0,3213.0,4,6,2015
946,2015 6 24 0,1477,0,14.0,0,24,0,8,2.46,30.0,50.0,2146.0,4,6,2015
947,2016 7 5 0,1480,1,5.0,0,5,0,10,2.31,-110.0,70.0,3980.0,1,7,2016
948,2016 9 9 0,1484,0,13.0,0,9,0,22,3.27,20.0,50.0,2272.0,1,9,2016
949,2016 10 3 0,1487,0,24.0,0,3,0,27,3.94,0.0,55.0,2788.0,2,10,2016
950,2016 10 6 0,1488,1,8.0,0,6,0,14,3.18,-150.0,65.0,3578.0,2,10,2016
951,2016 11 13 0,1490,0,11.0,0,13,0,24,2.75,-30.0,40.0,3347.0,2,11,2016
952,2016 12 19 1,1491,0,33.5,1,19,0,23,4.15,40.0,45.0,3106.0,2,12,2016
953,2016 12 4 1,1492,1,12.0,1,4,1,16,4.46,-170.0,65.0,2544.0,2,12,2016
954,2016 12 24 0,1493,0,8.0,0,24,0,1,3.14,-20.0,40.0,3876.0,2,12,2016
955,2016 1 30 0,1494,1,13.0,0,30,0,12,5.81,-160.0,45.0,3197.0,3,1,2016
956,2016 1 1 0,1495,0,11.0,0,1,0,12,4.67,-30.0,55.0,2797.0,3,1,2016
957,2016 1 14 1,1496,0,8.5,1,14,0,23,3.78,-20.0,45.0,2779.0,3,1,2016
958,2016 1 25 0,1497,0,5.0,0,25,0,30,3.78,0.0,55.0,3058.0,3,1,2016
959,2016 2 1 0,1498,1,7.0,0,1,0,8,4.34,-140.0,55.0,2827.0,3,2,2016
960,2016 2 4 0,1499,0,12.0,0,4,0,16,4.36,10.0,65.0,2630.0,3,2,2016
961,2016 2 23 0,1500,1,21.0,0,23,0,16,4.51,-160.0,50.0,2594.0,3,2,2016
962,2016 3 7 0,1501,2,17.0,0,7,0,24,1.99,40.0,50.0,2447.0,3,3,2016
963,2016 3 12 0,1502,0,5.0,0,12,0,17,3.22,-30.0,40.0,2250.0,3,3,2016
964,2016 3 22 0,1503,0,13.0,0,22,0,4,3.17,20.0,45.0,2673.0,3,3,2016
965,2016 4 4 0,1504,0,5.5,0,4,1,9,2.8,-20.0,40.0,2687.0,4,4,2016
966,2016 4 18 0,1505,0,8.0,0,18,0,27,3.45,-20.0,50.0,3162.0,4,4,2016
967,2016 5 2 0,1507,0,12.0,0,2,0,14,4.41,-10.0,60.0,2689.0,4,5,2016
968,2016 5 17 0,1508,0,15.0,0,17,0,1,2.25,10.0,50.0,2375.0,4,5,2016
969,2016 5 24 1,1509,1,5.0,1,24,1,29,1.99,-140.0,45.0,2586.0,4,5,2016
970,2017 7 3 0,1514,1,16.0,0,3,0,19,2.24,-140.0,75.0,2862.0,1,7,2017
971,2017 7 12 0,1515,2,12.5,0,12,1,24,2.04,40.0,60.0,2851.0,1,7,2017
972,2017 7 19 0,1516,0,14.0,0,19,0,2,1.69,0.0,60.0,2767.0,1,7,2017
973,2017 8 7 0,1517,1,10.0,0,7,0,17,2.33,-130.0,45.0,2610.0,1,8,2017
974,2017 8 13 0,1519,0,12.0,0,13,0,25,2.57,30.0,50.0,2630.0,1,8,2017
975,2017 9 3 0,1521,0,7.0,0,3,0,10,3.28,10.0,65.0,1756.0,1,9,2017
976,2017 9 16 1,1522,0,17.5,1,16,0,4,4.16,-20.0,60.0,2308.0,1,9,2017
977,2017 10 21 0,1523,0,5.0,0,21,0,26,2.96,-10.0,60.0,1941.0,2,10,2017
978,2017 10 24 0,1524,0,8.0,0,24,0,1,3.18,-10.0,35.0,2500.0,2,10,2017
979,2017 10 26 1,1525,1,8.5,1,26,0,5,4.67,-140.0,45.0,2821.0,2,10,2017
980,2017 11 2 1,1526,0,7.0,1,2,1,9,2.04,-10.0,45.0,2083.0,2,11,2017
981,2017 11 8 0,1527,0,16.0,0,8,0,24,2.75,-30.0,45.0,2490.0,2,11,2017
982,2017 11 27 0,1529,0,8.0,0,27,0,5,3.58,-30.0,45.0,2397.0,2,11,2017
983,2017 12 4 1,1530,1,10.5,1,4,0,15,4.65,-130.0,45.0,2802.0,2,12,2017
984,2017 12 19 0,1532,0,6.5,0,19,1,25,3.01,-10.0,45.0,2853.0,2,12,2017
985,2017 12 22 0,1533,1,5.0,0,22,0,27,5.58,-140.0,60.0,2317.0,2,12,2017
986,2017 1 6 1,1536,1,7.0,1,6,1,13,3.78,-150.0,70.0,1981.0,3,1,2017
987,2017 1 10 0,1537,0,7.5,0,10,1,18,5.92,20.0,60.0,2436.0,3,1,2017
988,2017 2 30 0,1540,0,5.0,0,30,0,4,3.98,-30.0,40.0,2894.0,3,2,2017
989,2017 2 5 1,1541,0,5.5,1,5,0,11,4.61,20.0,65.0,2423.0,3,2,2017
990,2017 2 10 0,1543,1,8.0,0,10,0,18,2.69,-140.0,35.0,3075.0,3,2,2017
991,2017 2 20 0,1544,1,8.0,0,20,0,28,3.94,-160.0,40.0,2497.0,3,2,2017
992,2017 2 20 0,1545,0,19.0,0,20,0,9,3.68,-20.0,45.0,2586.0,3,2,2017
993,2017 3 15 1,1546,0,5.0,1,15,1,20,4.22,0.0,65.0,2196.0,3,3,2017
994,2017 4 30 1,1547,1,9.0,1,30,1,8,4.24,-170.0,55.0,2354.0,4,4,2017
995,2017 4 10 1,1548,0,12.5,1,10,0,23,3.94,10.0,60.0,2401.0,4,4,2017
996,2017 5 28 1,1550,0,7.5,1,28,1,5,2.21,30.0,45.0,2366.0,4,5,2017
997,2017 5 1 0,1551,0,14.0,0,1,0,15,3.79,-40.0,37.5,2774.0,4,5,2017
998,2017 5 20 0,1554,0,6.0,0,20,0,26,3.02,10.0,57.5,2386.0,4,5,2017
999,2017 5 23 0,1555,0,10.0,0,23,0,2,3.89,-10.0,60.0,2938.0,4,5,2017
1000,2017 6 16 0,1559,1,9.0,0,16,0,25,3.05,-140.0,40.0,2526.0,4,6,2017
1001,2017 6 22 0,1560,0,5.0,0,22,0,27,2.13,40.0,50.0,2428.0,4,6,2017
1002,2017 6 22 0,1561,0,11.0,0,22,0,3,2.8,-20.0,50.0,2575.0,4,6,2017
1003,2018 7 4 1,1564,1,6.0,1,4,1,10,2.01,0.0,50.0,2329.0,1,7,2018
1004,2018 7 16 0,1566,0,17.0,0,16,0,2,3.21,20.0,65.0,2805.0,1,7,2018
1005,2018 7 20 0,1567,1,5.0,0,20,0,25,2.04,-160.0,65.0,2792.0,1,7,2018
1006,2018 8 25 0,1570,0,7.5,0,25,1,1,2.49,40.0,55.0,1860.0,1,8,2018
1007,2018 9 3 0,1571,0,9.0,0,3,0,12,2.8,20.0,60.0,3018.0,1,9,2018
1008,2018 9 23 0,1573,1,10.0,0,23,0,3,3.82,-150.0,45.0,2727.0,1,9,2018
1009,2018 9 25 0,1574,0,5.0,0,25,0,30,2.87,30.0,50.0,2242.0,1,9,2018
1010,2018 10 1 0,1575,0,6.5,0,1,1,7,1.92,-30.0,50.0,2833.0,2,10,2018
1011,2018 10 9 1,1576,0,10.0,1,9,1,19,4.28,10.0,50.0,1950.0,2,10,2018
1012,2018 10 10 0,1577,1,9.5,0,10,1,19,2.61,-150.0,37.5,2746.0,2,10,2018
1013,2018 10 20 0,1579,0,6.0,0,20,0,26,3.32,-10.0,50.0,3282.0,2,10,2018
1014,2018 11 2 0,1580,0,13.0,0,2,0,15,3.42,40.0,45.0,3129.0,2,11,2018
1015,2018 11 12 1,1581,0,15.0,1,12,1,27,4.93,30.0,40.0,2934.0,2,11,2018
1016,2018 11 17 0,1582,1,5.0,0,17,0,22,2.79,-130.0,45.0,2593.0,2,11,2018
1017,2018 12 12 0,1584,0,7.0,0,12,0,18,4.57,0.0,65.0,2323.0,2,12,2018
1018,2018 1 28 0,1586,0,19.5,0,28,1,16,4.26,-20.0,40.0,2626.0,3,1,2018
1019,2018 1 11 1,1587,1,5.5,1,11,0,17,3.75,-120.0,45.0,2897.0,3,1,2018
1020,2018 1 18 0,1589,0,10.0,0,18,0,28,3.62,-30.0,30.0,2873.0,3,1,2018
1021,2018 2 11 0,1590,1,6.0,0,11,0,17,3.8,-170.0,40.0,2332.0,3,2,2018
1022,2018 2 14 0,1591,0,6.0,0,14,0,20,3.09,0.0,45.0,3441.0,3,2,2018
1023,2018 2 20 0,1592,0,9.0,0,20,0,1,5.16,0.0,45.0,3002.0,3,2,2018
1024,2018 3 23 0,1593,1,15.0,0,23,0,10,5.02,-160.0,55.0,2563.0,3,3,2018
1025,2018 3 16 0,1594,1,9.0,0,16,0,25,4.5,-120.0,40.0,2952.0,3,3,2018
1026,2018 3 18 0,1595,0,7.0,0,18,0,25,3.33,-30.0,40.0,3343.0,3,3,2018
1027,2018 3 24 1,1596,0,6.5,1,24,0,31,3.9,-20.0,50.0,3394.0,3,3,2018
1028,2018 3 26 0,1597,1,9.0,0,26,0,4,4.46,-150.0,55.0,2967.0,3,3,2018
1029,2018 4 4 0,1598,0,22.0,0,4,0,26,3.77,-10.0,65.0,2437.0,4,4,2018
1030,2018 5 27 0,1599,1,18.0,0,27,0,15,2.89,-170.0,65.0,2546.0,4,5,2018
1031,2018 5 30 0,1600,0,10.0,0,30,0,10,3.43,-30.0,60.0,2162.0,4,5,2018
1032,2018 5 13 1,1603,0,8.5,1,13,0,22,3.01,0.0,45.0,2366.0,4,5,2018
1033,2018 6 18 0,1604,1,5.0,0,18,0,23,2.58,-110.0,55.0,2457.0,4,6,2018
1034,2018 6 5 0,1605,2,10.0,0,5,0,15,3.04,40.0,55.0,2600.0,4,6,2018
1035,2018 6 16 0,1606,0,7.0,0,16,0,23,2.36,20.0,50.0,2634.0,4,6,2018
1036,2019 7 27 0,1610,1,14.0,0,27,0,11,2.78,-150.0,60.0,2648.0,1,7,2019
1037,2019 7 25 1,1612,0,9.5,1,25,0,4,3.24,30.0,65.0,2535.0,1,7,2019
1038,2019 8 3 0,1613,1,7.0,0,3,0,10,2.72,-150.0,55.0,2331.0,1,8,2019
1039,2019 8 12 0,1615,1,12.0,0,12,0,24,2.65,-170.0,50.0,2805.0,1,8,2019
1040,2019 8 26 0,1616,0,8.0,0,26,0,3,2.72,30.0,50.0,2314.0,1,8,2019
1041,2019 9 7 0,1618,0,5.0,0,7,0,12,2.36,20.0,50.0,2514.0,1,9,2019
1042,2019 9 15 1,1619,0,12.0,1,15,1,27,3.45,-20.0,45.0,2182.0,1,9,2019
1043,2019 9 15 0,1620,1,5.0,0,15,0,20,1.74,-160.0,40.0,2724.0,1,9,2019
1044,2019 9 24 1,1621,1,5.0,1,24,1,29,2.66,-140.0,40.0,2914.0,1,9,2019
1045,2019 10 26 0,1622,0,12.0,0,26,0,8,3.05,-60.0,65.0,2303.0,2,10,2019
1046,2019 10 21 0,1624,0,7.0,0,21,0,28,2.38,20.0,45.0,3663.0,2,10,2019
1047,2019 10 27 0,1625,1,8.5,0,27,1,4,3.67,-140.0,45.0,3470.0,2,10,2019
1048,2019 11 7 0,1627,2,19.0,0,7,0,26,3.78,40.0,40.0,3295.0,2,11,2019
1049,2019 11 24 0,1628,0,6.0,0,24,0,30,2.52,-40.0,65.0,2731.0,2,11,2019
1050,2019 12 11 0,1629,1,6.0,0,11,0,17,4.35,-150.0,75.0,2275.0,2,12,2019
1051,2019 12 12 0,1630,0,5.0,0,12,0,17,2.27,40.0,55.0,2509.0,2,12,2019
1052,2019 12 28 0,1631,0,6.0,0,28,0,3,3.82,0.0,40.0,3313.0,2,12,2019
1053,2019 1 15 0,1632,0,5.0,0,15,0,20,2.46,20.0,45.0,2871.0,3,1,2019
1054,2019 1 24 0,1633,1,5.0,0,24,0,29,2.81,-160.0,55.0,2112.0,3,1,2019
1055,2019 2 10 1,1634,0,6.0,1,10,1,16,3.39,40.0,50.0,2772.0,3,2,2019
1056,2019 3 6 0,1637,1,11.5,0,6,1,17,3.69,-170.0,35.0,2981.0,3,3,2019
1057,2019 3 17 1,1638,0,17.5,1,17,0,4,2.97,-10.0,45.0,2969.0,3,3,2019
1058,2019 3 18 1,1639,1,6.0,1,18,1,24,3.86,-160.0,35.0,2663.0,3,3,2019
1059,2019 4 27 0,1640,0,16.0,0,27,0,12,3.91,0.0,55.0,3707.0,4,4,2019
1060,2019 4 11 0,1642,0,5.0,0,11,0,16,3.39,-30.0,45.0,3436.0,4,4,2019
1061,2019 4 12 1,1643,1,9.0,1,12,1,21,4.79,-140.0,45.0,3230.0,4,4,2019
1062,2019 4 16 1,1645,0,12.0,1,16,1,28,4.76,-10.0,60.0,2832.0,4,4,2019
1063,2019 5 6 0,1647,1,6.0,0,6,0,12,3.01,-160.0,65.0,2821.0,4,5,2019
1064,2019 5 8 0,1648,0,9.5,0,8,1,17,3.53,-40.0,60.0,2491.0,4,5,2019
1065,2019 5 18 0,1649,2,6.0,0,18,0,24,2.9,-90.0,50.0,2762.0,4,5,2019
1066,2019 5 25 0,1651,1,7.0,0,25,0,1,2.92,-140.0,70.0,3018.0,4,5,2019
1067,2019 5 26 1,1652,0,6.5,1,26,0,2,3.05,-10.0,45.0,2792.0,4,5,2019
1068,2019 6 30 0,1653,0,6.0,0,30,0,5,2.83,-50.0,40.0,3437.0,4,6,2019
1069,2019 6 7 0,1655,0,8.0,0,7,0,15,2.51,-50.0,35.0,3215.0,4,6,2019
1070,2019 6 12 1,1656,0,14.0,1,12,1,26,3.1,10.0,65.0,2960.0,4,6,2019
1071,2019 6 16 0,1658,1,15.5,0,16,0,1,2.49,-120.0,65.0,2459.0,4,6,2019
1072,2020 8 18 1,1664,0,7.5,1,18,0,26,1.64,-40.0,65.0,2640.0,1,8,2020
1073,2020 10 24 0,1667,0,17.0,0,24,0,12,3.24,40.0,55.0,2726.0,2,10,2020
1074,2020 10 11 0,1668,0,6.0,0,11,0,17,3.83,-30.0,45.0,2856.0,2,10,2020
1075,2020 10 20 0,1669,1,8.0,0,20,0,28,2.59,-140.0,40.0,3004.0,2,10,2020
1076,2020 11 4 0,1670,0,15.0,0,4,0,19,3.57,-30.0,45.0,2885.0,2,11,2020
1077,2020 11 16 1,1671,1,6.5,1,16,0,23,3.47,-170.0,60.0,1960.0,2,11,2020
1078,2020 12 30 0,1674,0,7.5,0,30,1,7,3.68,-30.0,50.0,3396.0,2,12,2020
1079,2020 12 2 0,1675,1,6.5,0,2,1,8,4.37,-120.0,50.0,3720.0,2,12,2020
1080,2020 1 23 1,1676,0,21.5,1,23,0,14,3.31,-30.0,45.0,3297.0,3,1,2020
1081,2020 1 17 1,1680,0,7.0,1,17,1,24,4.15,-50.0,52.5,2306.0,3,1,2020
1082,2020 1 22 0,1681,1,6.0,0,22,0,28,3.32,-150.0,35.0,2875.0,3,1,2020
1083,2020 2 3 0,1683,1,12.0,0,3,0,15,4.5,-140.0,35.0,2899.0,3,2,2020
1084,2020 2 10 1,1684,0,12.0,1,10,1,22,4.12,-10.0,60.0,2256.0,3,2,2020
1085,2020 2 20 0,1685,0,15.0,0,20,0,7,3.85,10.0,40.0,3469.0,3,2,2020
1086,2020 3 16 0,1686,0,8.0,0,16,0,24,4.09,-10.0,45.0,3239.0,3,3,2020
1087,2020 3 22 1,1687,1,6.5,1,22,0,29,2.41,-150.0,35.0,3786.0,3,3,2020
1088,2020 4 29 0,1688,0,16.0,0,29,0,14,3.21,0.0,45.0,4258.0,4,4,2020
1089,2020 4 11 0,1691,1,9.0,0,11,0,20,3.34,-140.0,40.0,3073.0,4,4,2020
1090,2020 4 16 0,1692,0,5.0,0,16,0,21,5.22,10.0,65.0,3576.0,4,4,2020
1091,2020 4 21 0,1694,0,17.0,0,21,0,8,3.43,-10.0,55.0,3614.0,4,4,2020
1092,2020 5 7 1,1696,1,6.0,1,7,1,13,1.81,-110.0,60.0,2822.0,4,5,2020
1093,2020 5 25 1,1699,0,11.5,1,25,0,6,3.86,-10.0,55.0,2785.0,4,5,2020
1094,2020 6 10 0,1700,0,6.0,0,10,0,16,2.37,30.0,60.0,3353.0,4,6,2020
1095,2020 6 14 1,1701,1,5.0,1,14,1,19,2.26,-150.0,65.0,2599.0,4,6,2020
1096,2020 6 24 0,1703,1,8.0,0,24,0,2,2.77,-140.0,40.0,2742.0,4,6,2020
1097,2021 7 25 0,1705,0,21.0,0,25,0,16,2.27,-30.0,55.0,3215.0,1,7,2021
1098,2021 7 16 0,1708,0,9.0,0,16,0,25,1.71,-10.0,45.0,3370.0,1,7,2021
1099,2021 7 28 0,1710,0,6.0,0,28,0,3,2.02,-30.0,75.0,2509.0,1,7,2021
1100,2021 8 23 1,1713,0,12.5,1,23,0,5,2.76,-10.0,55.0,3221.0,1,8,2021
1101,2021 9 7 0,1715,0,6.0,0,7,0,13,2.11,0.0,55.0,3347.0,1,9,2021
