region,length_days,time_begin,day_begin,time_end,day_end,block_intensity,longitude_onset,latitude_onset,block_size,season,month,blocking_year,event_id
1,6.0,0,6,0,12,5.4,-160.0,40.0,,3,1,1968,0
1,13.0,0,18,0,31,4.51,-150.0,45.0,,3,1,1968,1
0,11.0,0,31,0,11,3.31,-20.0,50.0,,3,1,1968,2
0,16.0,0,8,0,24,3.52,30.0,55.0,,3,2,1968,3
0,12.0,0,10,0,22,3.68,-30.0,47.5,,3,2,1968,4
0,9.0,0,27,0,6,2.71,-50.0,45.0,,3,2,1968,5
0,9.0,0,15,0,24,3.93,20.0,65.0,,3,3,1968,6
0,10.0,0,4,0,14,3.82,0.0,55.0,,4,4,1968,7
0,5.0,0,21,0,26,2.27,0.0,70.0,,4,5,1968,8
0,6.0,0,29,0,4,2.46,-30.0,65.0,,4,5,1968,9
0,7.0,0,5,0,12,1.19,-10.0,45.0,,4,6,1968,10
1,15.0,0,7,0,22,3.86,-130.0,55.0,,4,6,1968,11
0,12.0,0,18,0,30,2.15,20.0,60.0,,4,6,1968,12
1,11.0,0,16,0,27,1.77,-140.0,65.0,,1,7,1968,13
1,8.0,0,6,0,14,2.38,-150.0,55.0,,1,8,1968,14
0,7.0,0,7,0,14,2.84,-10.0,65.0,,1,8,1968,15
0,24.0,0,25,0,18,2.75,-20.0,45.0,,1,9,1968,16
0,5.0,0,5,0,10,3.71,-30.0,65.0,,2,10,1968,17
0,8.0,0,29,0,7,2.62,30.0,60.0,,2,10,1968,18
0,7.0,0,12,0,19,3.73,0.0,65.0,,2,11,1968,19
0,25.0,0,13,0,7,3.72,0.0,55.0,,2,12,1968,20
1,10.0,0,19,0,29,4.47,-150.0,50.0,,2,12,1968,21
0,5.0,0,29,0,4,4.75,20.0,65.0,,2,12,1968,22
0,5.0,0,21,0,26,5.34,10.0,55.0,,3,1,1969,23
0,7.0,0,30,0,6,3.93,-40.0,50.0,,3,1,1969,24
0,5.0,0,4,0,9,4.45,-50.0,40.0,,3,2,1969,25
1,5.0,0,8,0,13,5.06,-110.0,37.5,,3,2,1969,26
1,7.0,0,24,0,3,4.74,-120.0,47.5,,3,2,1969,27
0,10.0,0,8,0,18,3.77,-30.0,55.0,,3,3,1969,28
0,18.0,0,23,0,10,3.39,-30.0,50.0,,3,3,1969,29
0,16.0,0,27,0,15,3.45,40.0,60.0,,3,3,1969,30
0,9.0,0,17,0,26,2.46,-10.0,57.5,,4,6,1969,31
0,5.0,0,30,0,4,2.58,-20.0,40.0,,4,6,1969,32
2,16.0,0,9,0,25,1.91,40.0,52.5,,1,7,1969,33
0,24.0,0,25,0,19,3.15,20.0,50.0,,1,7,1969,34
0,7.0,0,7,0,14,2.0,10.0,55.0,,1,9,1969,35
0,12.0,0,9,0,21,4.11,10.0,55.0,,2,10,1969,36
1,5.0,0,12,0,17,4.56,-130.0,47.5,,2,10,1969,37
0,18.0,0,21,0,9,4.62,-40.0,45.0,,2,11,1969,38
1,5.0,0,28,0,3,5.53,-120.0,42.5,,2,11,1969,39
1,5.0,0,17,0,22,3.44,-130.0,57.5,,2,12,1969,40
0,6.0,0,9,0,15,5.88,10.0,50.0,,3,1,1970,41
0,9.0,0,2,0,11,4.99,-10.0,55.0,,3,2,1970,42
0,6.0,0,4,0,10,3.44,-10.0,45.0,,3,3,1970,43
0,6.0,0,28,0,6,3.26,0.0,65.0,,3,3,1970,44
0,5.0,0,10,0,15,2.65,-10.0,55.0,,4,4,1970,45
0,5.0,0,14,0,19,1.83,-50.0,45.0,,4,4,1970,46
0,16.0,0,3,0,19,2.53,0.0,55.0,,4,5,1970,47
0,6.0,0,15,0,21,2.28,-40.0,45.0,,4,5,1970,48
0,6.0,0,27,0,2,3.96,40.0,52.5,,4,5,1970,49
0,9.0,0,4,1,13,3.04,-10.0,62.5,,4,6,1970,50
1,5.0,0,20,0,25,2.63,-130.0,60.0,,4,6,1970,51
2,6.0,0,16,0,22,2.19,40.0,45.0,,1,7,1970,52
0,5.0,0,29,0,4,1.32,20.0,50.0,,1,7,1970,53
0,8.0,0,9,0,17,3.25,20.0,45.0,,2,10,1970,54
0,6.0,0,17,0,23,3.5,-50.0,40.0,,2,10,1970,55
2,5.0,0,27,0,7,3.23,-80.0,55.0,,2,10,1970,56
1,8.0,0,21,0,29,5.22,-170.0,35.0,,2,11,1970,57
1,9.0,0,31,0,9,3.61,-120.0,50.0,,2,11,1970,58
0,8.0,0,6,0,14,4.22,-20.0,40.0,,2,12,1970,59
0,7.0,0,18,0,25,3.26,40.0,60.0,,2,12,1970,60
0,18.0,0,18,0,5,3.86,-10.0,45.0,,2,12,1970,61
1,15.0,0,18,0,2,4.61,-160.0,55.0,1992.3,3,1,1971,62
0,7.0,0,20,0,27,1.85,20.0,45.0,1577.4,3,1,1971,63
0,20.0,0,28,0,17,4.52,-10.0,60.0,2594.3,3,1,1971,64
0,5.0,0,20,0,25,4.0,30.0,60.0,2102.4,3,2,1971,65
1,5.0,0,22,0,27,5.74,-170.0,55.0,1965.7,3,2,1971,66
0,6.0,0,30,0,5,4.9,10.0,67.5,2086.8,3,2,1971,67
0,13.0,0,11,0,24,3.88,-40.0,45.0,2884.8,3,3,1971,68
0,5.0,0,21,0,26,4.19,-20.0,57.5,2018.9,4,4,1971,69
0,5.0,0,1,0,6,3.41,30.0,55.0,1770.0,4,5,1971,70
1,7.0,0,11,0,18,2.32,-150.0,70.0,1820.2,4,6,1971,71
0,5.0,0,7,0,12,2.41,0.0,50.0,,1,9,1971,72
0,6.0,0,23,0,29,4.5,0.0,45.0,,2,10,1971,73
0,6.0,0,13,0,19,3.44,-30.0,45.0,,2,11,1971,74
0,5.0,0,26,0,1,2.6,-20.0,42.5,,2,11,1971,75
0,12.0,0,7,0,19,4.82,-10.0,52.5,,2,12,1971,76
0,20.0,0,3,0,23,4.73,30.0,45.0,,3,1,1972,77
0,8.0,0,25,0,2,3.88,-10.0,45.0,,3,1,1972,78
1,5.0,0,4,0,9,4.64,-150.0,50.0,,3,2,1972,79
0,13.0,0,8,0,21,3.71,0.0,45.0,,3,3,1972,80
0,26.0,0,1,0,27,3.21,-30.0,35.0,,4,4,1972,81
1,5.0,0,11,0,16,3.87,-120.0,67.5,,4,5,1972,82
0,5.0,0,20,0,25,1.51,10.0,65.0,,4,6,1972,83
0,21.0,0,24,0,15,3.07,40.0,55.0,2493.4,1,7,1972,84
0,5.0,0,29,0,3,2.1,20.0,60.0,1905.2,1,7,1972,85
0,5.0,0,2,0,7,1.53,-40.0,62.5,1534.8,1,8,1972,86
0,9.0,0,25,0,3,2.57,0.0,52.5,2115.7,1,8,1972,87
0,5.0,0,11,0,16,1.39,30.0,55.0,1458.8,1,9,1972,88
1,5.0,0,11,0,16,2.45,-145.0,45.0,2253.6,1,9,1972,89
0,5.0,0,23,0,28,3.14,-10.0,55.0,2024.3,1,9,1972,90
0,7.0,0,1,0,8,2.31,10.0,60.0,2833.4,2,10,1972,91
1,5.0,0,13,0,18,4.89,-130.0,47.5,2292.4,2,10,1972,92
0,8.0,0,15,0,23,4.42,0.0,55.0,3023.9,2,10,1972,93
2,8.0,0,15,0,23,2.77,40.0,60.0,2205.2,2,10,1972,94
1,10.0,0,2,0,12,5.09,-150.0,55.0,2360.3,2,12,1972,95
0,12.0,0,14,0,26,4.81,20.0,45.0,2879.9,2,12,1972,96
0,6.0,0,28,0,3,2.86,30.0,55.0,2614.1,2,12,1972,97
1,23.0,0,25,0,17,4.99,-150.0,37.5,,3,1,1973,98
0,12.0,0,31,0,12,4.16,30.0,40.0,,3,1,1973,99
0,8.0,0,22,0,1,3.87,-15.0,45.0,,3,2,1973,100
0,6.0,0,3,0,9,3.42,0.0,55.0,,4,4,1973,101
0,15.0,0,13,0,28,3.77,0.0,55.0,,4,4,1973,102
0,7.0,0,13,0,20,3.02,30.0,60.0,,4,6,1973,103
0,9.0,0,3,0,12,2.73,40.0,65.0,,1,7,1973,104
1,7.0,0,13,0,20,2.99,-140.0,55.0,,1,9,1973,105
0,5.0,0,17,0,20,2.28,-10.0,65.0,,1,9,1973,106
0,5.0,0,1,0,6,3.63,0.0,42.5,,2,10,1973,107
0,5.0,0,22,0,27,3.86,-10.0,40.0,,2,10,1973,108
1,6.0,0,2,0,8,4.35,-150.0,60.0,,2,11,1973,109
0,5.0,0,11,0,16,3.87,-10.0,45.0,,2,11,1973,110
0,8.0,0,28,0,6,4.39,-15.0,45.0,,2,12,1973,111
0,5.0,0,16,0,21,2.54,35.0,45.0,,3,1,1974,112
0,12.0,0,28,0,9,3.92,0.0,40.0,,3,1,1974,113
0,5.0,0,28,0,2,3.29,30.0,60.0,,3,1,1974,114
0,8.0,0,2,0,10,6.08,0.0,52.5,,3,2,1974,115
1,6.0,0,3,0,9,5.47,-150.0,55.0,,3,2,1974,116
0,5.0,0,22,0,27,5.09,15.0,52.5,,3,2,1974,117
1,5.0,0,5,0,10,3.83,-150.0,72.5,,3,3,1974,118
0,6.0,0,11,0,17,3.26,30.0,55.0,,3,3,1974,119
0,6.0,0,15,0,21,2.95,-20.0,45.0,,3,3,1974,120
0,5.0,0,20,0,25,2.03,30.0,47.5,,4,4,1974,121
0,5.0,0,31,0,5,4.64,-25.0,50.0,,4,4,1974,122
2,5.0,0,7,0,12,3.23,-100.0,55.0,,4,5,1974,123
0,12.0,0,8,0,20,2.64,30.0,55.0,,4,5,1974,124
0,9.0,0,22,0,31,3.69,-20.0,52.5,,4,5,1974,125
0,15.0,0,11,0,26,1.91,40.0,67.5,,1,7,1974,126
0,5.0,0,27,0,1,2.51,30.0,55.0,,1,8,1974,127
1,5.0,0,28,0,2,3.75,-130.0,52.5,,1,8,1974,128
1,6.0,0,30,0,5,2.52,-140.0,52.5,,2,11,1974,129
0,5.0,0,18,0,23,3.45,-5.0,42.5,,2,12,1974,130
0,16.0,0,1,0,17,4.86,-15.0,37.5,,3,1,1975,131
0,7.0,0,17,0,24,4.83,30.0,57.5,,3,2,1975,132
0,5.5,1,23,0,29,4.56,-5.0,40.0,,3,2,1975,133
0,9.0,0,29,0,7,2.86,5.0,55.0,,3,2,1975,134
0,8.0,0,3,0,11,5.47,10.0,47.5,,3,3,1975,135
0,6.0,0,25,0,31,1.6,-10.0,42.5,,3,3,1975,136
0,5.0,0,3,0,8,3.26,-50.0,45.0,,4,4,1975,137
0,7.0,0,19,0,26,3.32,-5.0,52.5,,4,4,1975,138
1,5.0,1,27,1,2,3.58,-120.0,55.0,,4,4,1975,139
0,5.0,0,7,0,12,2.18,5.0,50.0,,4,5,1975,140
0,6.0,0,20,0,26,3.4,30.0,70.0,,4,5,1975,141
0,6.0,0,7,0,13,3.09,10.0,57.5,,1,8,1975,142
0,10.0,0,19,0,29,4.0,10.0,60.0,,2,10,1975,143
0,6.0,0,7,0,13,4.52,-15.0,42.5,,2,11,1975,144
0,14.0,0,4,0,18,3.88,-15.0,45.0,,2,12,1975,145
0,5.0,0,24,0,29,4.57,-30.0,45.0,,2,12,1975,146
0,6.0,0,5,0,11,4.5,0.0,40.0,,3,1,1976,147
0,5.5,0,23,1,28,3.01,-30.0,60.0,,3,2,1976,148
0,5.0,0,1,0,6,3.31,30.0,52.5,,4,5,1976,149
1,7.0,0,5,0,12,2.76,-120.0,60.0,,4,5,1976,150
0,7.0,0,20,0,27,3.3,-25.0,45.0,,4,5,1976,151
0,5.0,0,18,0,23,2.21,-10.0,57.5,,4,6,1976,152
0,8.0,0,31,0,8,3.19,-40.0,55.0,,4,6,1976,153
0,8.0,0,30,0,8,2.94,0.0,52.5,,1,7,1976,154
0,5.0,0,10,0,15,2.67,30.0,62.5,,1,8,1976,155
0,5.0,0,19,0,24,2.9,0.0,55.0,,1,8,1976,156
0,12.0,0,16,0,28,2.9,-5.0,65.0,,1,9,1976,157
0,9.0,0,12,0,21,4.01,30.0,75.0,,2,10,1976,158
0,5.0,0,1,0,6,2.09,30.0,72.5,,2,11,1976,159
0,6.0,0,16,0,22,4.09,-15.0,40.0,,2,11,1976,160
1,7.0,0,1,0,8,4.15,-120.0,55.0,,3,1,1977,161
0,5.0,0,3,0,8,4.92,-10.0,45.0,,3,1,1977,162
0,5.0,0,16,0,21,3.4,30.0,55.0,,3,1,1977,163
2,11.0,0,7,0,18,3.93,-90.0,62.5,,3,2,1977,164
0,5.0,0,8,0,13,2.06,-25.0,45.0,,3,2,1977,165
1,9.0,0,28,0,9,4.18,-150.0,50.0,,3,3,1977,166
0,9.0,0,15,0,24,2.88,30.0,65.0,,4,5,1977,167
0,6.0,0,28,0,3,3.22,10.0,52.5,,4,5,1977,168
0,6.0,0,11,0,17,2.66,-10.0,50.0,,4,6,1977,169
0,8.0,0,11,0,19,2.58,0.0,50.0,,1,8,1977,170
1,5.0,0,17,0,22,3.45,-120.0,47.5,,1,8,1977,171
1,11.0,0,29,0,9,2.03,-150.0,65.0,,1,8,1977,172
0,11.0,0,16,0,27,3.78,-30.0,55.0,,1,9,1977,173
0,6.0,0,31,0,6,2.4,30.0,50.0,,1,9,1977,174
0,6.0,0,13,0,19,3.52,15.0,45.0,,2,10,1977,175
0,5.0,0,1,0,6,3.78,30.0,57.5,,2,11,1977,176
1,9.0,0,17,0,26,4.74,-150.0,45.0,,2,11,1977,177
0,8.0,0,13,0,21,3.37,0.0,45.0,,2,12,1977,178
0,18.0,0,26,0,14,4.27,-10.0,45.0,,2,12,1977,179
1,7.0,0,3,0,10,6.09,-150.0,65.0,,3,1,1978,180
0,12.0,0,15,0,27,4.5,0.0,45.0,,3,1,1978,181
0,6.0,0,10,0,16,3.42,-30.0,62.5,,3,2,1978,182
0,5.0,0,15,0,20,4.26,-30.0,65.0,,3,3,1978,183
1,5.0,0,23,0,28,4.22,-140.0,50.0,,3,3,1978,184
0,6.0,0,25,0,31,4.09,-60.0,45.0,,3,3,1978,185
0,5.0,0,10,0,15,2.15,30.0,55.0,,4,4,1978,186
1,17.0,0,20,0,7,3.8,-150.0,40.0,,4,4,1978,187
0,10.0,0,17,0,27,3.24,30.0,52.5,,4,5,1978,188
0,5.0,0,1,0,6,3.59,30.0,55.0,,4,6,1978,189
0,5.0,0,30,0,4,2.43,-10.0,52.5,,1,9,1978,190
0,12.0,0,20,0,1,2.48,-5.0,40.0,,2,10,1978,191
0,7.0,0,8,0,15,3.14,15.0,50.0,,2,11,1978,192
0,5.0,0,5,0,10,3.75,10.0,60.0,,2,12,1978,193
1,8.0,0,5,0,13,5.54,-150.0,35.0,,3,1,1979,194
0,11.0,0,12,0,23,3.38,-20.0,47.5,,3,1,1979,195
1,5.0,0,23,0,28,5.33,-140.0,35.0,,3,1,1979,196
1,8.0,0,10,0,18,5.17,-130.0,52.5,,3,2,1979,197
0,9.0,0,19,0,28,3.98,-10.0,55.0,,3,2,1979,198
0,10.0,0,16,0,26,3.88,-30.0,75.0,,3,3,1979,199
0,8.0,0,3,0,11,3.33,-15.0,45.0,,4,4,1979,200
0,6.0,0,16,0,22,3.62,-15.0,45.0,,4,4,1979,201
2,11.0,0,22,0,3,3.19,-90.0,37.5,,4,4,1979,202
0,5.0,0,25,0,30,1.74,-40.0,50.0,,4,4,1979,203
0,8.0,0,12,0,20,3.11,5.0,55.0,,4,5,1979,204
0,8.0,0,20,0,28,2.71,-25.0,40.0,,4,5,1979,205
0,8.0,0,2,0,10,2.37,30.0,55.0,,4,6,1979,206
1,7.0,0,6,0,13,2.09,-170.0,45.0,,1,9,1979,207
0,11.0,0,23,0,3,3.98,10.0,60.0,,2,10,1979,208
0,14.0,0,18,0,1,4.32,10.0,40.0,,3,1,1980,209
0,7.0,0,2,0,9,4.54,-20.0,40.0,,3,2,1980,210
0,5.0,0,18,0,23,4.0,-10.0,60.0,,4,4,1980,211
0,5.0,0,27,0,2,3.32,-30.0,40.0,,4,4,1980,212
0,7.0,0,11,0,18,3.54,10.0,55.0,,4,5,1980,213
1,7.0,0,19,0,26,2.14,-110.0,50.0,,4,5,1980,214
0,6.0,0,22,0,28,2.89,30.0,55.0,,4,5,1980,215
0,14.0,0,15,0,29,2.62,-30.0,42.5,,4,6,1980,216
1,6.0,0,13,0,19,3.48,-150.0,42.5,,1,9,1980,217
0,10.0,0,1,0,11,5.09,-20.0,60.0,,2,11,1980,218
0,5.0,0,30,0,5,4.46,-30.0,45.0,,2,12,1980,219
0,7.0,0,13,0,20,4.6,25.0,55.0,,3,1,1981,220
0,5.0,0,25,0,30,4.25,-15.0,42.5,,3,1,1981,221
1,14.0,0,4,0,18,5.17,-150.0,45.0,,3,2,1981,222
0,11.0,0,11,0,22,4.68,15.0,42.5,,3,2,1981,223
0,6.0,0,17,0,23,3.21,30.0,62.5,,3,3,1981,224
0,9.0,0,5,0,14,3.21,-35.0,60.0,,4,4,1981,225
0,16.0,0,15,0,1,3.28,0.0,45.0,,4,4,1981,226
0,7.0,0,31,0,7,3.58,15.0,55.0,,4,6,1981,227
0,6.0,0,9,0,15,1.46,30.0,55.0,,1,7,1981,228
0,8.0,0,27,0,5,2.39,-50.0,60.0,,1,9,1981,229
0,6.0,0,30,0,6,4.66,-15.0,40.0,,2,12,1981,230
0,11.0,0,12,0,23,5.08,-45.0,37.5,,3,1,1982,231
0,21.5,0,4,0,25,4.43,-25.0,40.0,,3,2,1982,232
0,18.0,0,20,0,7,3.38,-50.0,40.0,,3,3,1982,233
0,5.0,0,16,0,21,3.83,-45.0,47.5,,4,4,1982,234
1,5.0,0,24,0,29,3.09,-140.0,57.5,,4,4,1982,235
0,5.0,0,6,0,11,2.63,-45.0,35.0,,4,5,1982,236
0,8.0,0,16,0,24,3.13,30.0,47.5,,4,5,1982,237
0,5.0,0,19,0,24,2.21,0.0,55.0,,4,6,1982,238
0,6.0,0,25,0,31,2.2,0.0,55.0,,1,7,1982,239
0,8.0,0,2,0,10,3.35,10.0,45.0,,2,10,1982,240
0,9.0,0,21,0,30,3.19,10.0,45.0,,2,10,1982,241
0,5.0,0,6,0,11,3.37,10.0,55.0,,2,11,1982,242
0,23.0,0,13,0,5,3.53,-30.0,37.5,,2,12,1982,243
0,5.0,0,30,0,5,4.54,5.0,50.0,,2,12,1982,244
0,9.0,0,7,0,16,5.03,0.0,42.5,,3,2,1983,245
0,7.0,0,3,0,10,4.47,-25.0,47.5,,3,3,1983,246
0,7.0,0,5,0,12,2.12,30.0,55.0,,4,4,1983,247
2,8.0,0,18,0,26,2.73,-90.0,50.0,,4,4,1983,248
0,11.0,0,21,0,2,3.23,0.0,45.0,,4,4,1983,249
0,5.0,0,5,0,10,2.27,-25.0,45.0,,4,5,1983,250
0,7.0,0,13,0,20,3.03,-45.0,45.0,,4,5,1983,251
0,8.0,0,27,0,4,3.65,30.0,65.0,,4,5,1983,252
0,5.0,0,28,0,3,2.27,-30.0,55.0,,4,6,1983,253
1,7.0,0,30,0,7,2.34,-120.0,62.5,,1,7,1983,254
0,14.5,0,7,0,21,4.19,20.0,50.0,,2,11,1983,255
0,8.0,0,2,0,10,3.5,0.0,45.0,,2,12,1983,256
0,11.0,0,14,0,25,3.34,25.0,50.0,,2,12,1983,257
1,7.5,0,21,0,29,6.08,-150.0,60.0,,2,12,1983,258
0,6.0,0,11,0,17,4.96,-10.0,47.5,,3,1,1984,259
0,13.0,0,27,0,9,4.25,-20.0,35.0,,3,1,1984,260
1,5.0,0,27,0,1,6.17,-140.0,45.0,,3,1,1984,261
1,16.0,1,6,1,22,3.27,-160.0,52.5,,3,2,1984,262
0,5.0,0,20,0,25,4.17,-10.0,45.0,,3,2,1984,263
0,5.0,0,9,0,14,3.27,-10.0,45.0,,3,3,1984,264
0,7.0,0,19,0,26,3.11,30.0,65.0,,3,3,1984,265
0,14.0,0,14,0,28,3.15,-20.0,65.0,,4,4,1984,266
0,10.0,0,17,0,27,2.7,-20.0,37.5,,4,5,1984,267
1,8.0,0,22,0,30,1.91,-150.0,62.5,,4,5,1984,268
1,5.0,0,1,0,6,2.82,-130.0,55.0,,4,6,1984,269
0,6.0,0,4,0,10,2.34,-45.0,50.0,,4,6,1984,270
1,6.0,0,10,0,16,2.1,-160.0,45.0,,1,7,1984,271
0,7.0,0,2,0,9,1.67,30.0,70.0,,1,8,1984,272
0,6.0,0,15,0,21,1.19,30.0,70.0,,1,9,1984,273
2,5.0,0,15,0,20,3.39,-90.0,50.0,,2,10,1984,274
1,6.0,0,16,0,22,2.9,-160.0,55.0,,2,10,1984,275
0,8.0,0,11,0,19,3.9,15.0,45.0,,2,11,1984,276
0,5.0,0,30,0,4,3.51,10.0,47.5,,2,11,1984,277
0,7.0,0,1,0,8,3.29,30.0,45.0,,2,12,1984,278
0,6.0,1,2,1,8,5.01,-10.0,65.0,,3,2,1985,279
1,13.0,1,10,1,23,5.81,-140.0,45.0,,3,2,1985,280
0,7.0,1,11,1,18,5.66,0.0,60.0,,3,2,1985,281
0,19.0,0,8,0,27,3.8,30.0,47.5,,3,3,1985,282
0,13.0,0,5,0,18,2.97,-10.0,52.5,,4,4,1985,283
2,9.0,0,22,0,1,2.72,40.0,52.5,,4,4,1985,284
0,6.0,0,3,0,8,2.14,30.0,55.0,,4,5,1985,285
0,6.0,1,6,1,12,2.57,-60.0,70.0,,4,5,1985,286
0,20.0,0,5,0,25,2.92,40.0,65.0,,4,6,1985,287
0,6.0,0,5,0,11,1.28,20.0,55.0,,1,7,1985,288
0,5.0,0,7,0,12,2.48,40.0,45.0,,1,8,1985,289
0,6.0,0,16,0,22,2.17,0.0,50.0,,2,10,1985,290
0,13.0,1,13,1,26,3.61,0.0,55.0,,2,11,1985,291
1,6.0,0,19,0,24,5.43,-160.0,65.0,,2,11,1985,292
0,6.0,0,30,0,5,3.76,-60.0,55.0,,2,11,1985,293
0,7.0,0,13,0,20,4.87,-20.0,40.0,,2,12,1985,294
0,12.0,0,9,0,21,4.38,-10.0,65.0,,3,1,1986,295
1,5.5,0,21,1,26,3.62,-140.0,35.0,,3,1,1986,296
0,10.0,0,22,0,1,5.83,-20.0,55.0,,3,1,1986,297
0,11.0,0,18,0,2,3.18,-10.0,55.0,,3,2,1986,298
1,6.5,0,3,1,9,2.92,-160.0,55.0,,3,3,1986,299
0,5.0,0,17,0,22,3.67,-70.0,60.0,,3,3,1986,300
0,6.0,0,11,0,17,3.51,20.0,55.0,,4,4,1986,301
0,17.0,0,14,0,31,3.52,20.0,45.0,,4,5,1986,302
0,7.0,0,30,0,7,2.96,30.0,50.0,,4,5,1986,303
0,5.0,1,3,1,8,3.1,-40.0,55.0,,4,6,1986,304
0,8.0,0,19,0,27,1.66,20.0,65.0,,4,6,1986,305
1,5.0,0,18,0,23,1.58,-140.0,62.5,,1,7,1986,306
2,7.0,0,25,0,1,1.54,40.0,55.0,,1,7,1986,307
0,5.0,0,4,0,9,0.89,30.0,52.5,,1,8,1986,308
0,11.0,0,7,0,18,2.17,-30.0,55.0,,1,9,1986,309
0,6.0,0,23,0,29,4.0,0.0,52.5,,2,12,1986,310
0,13.0,0,21,0,3,2.85,20.0,52.5,,3,1,1987,311
1,13.0,0,28,0,9,4.37,-130.0,45.0,,3,1,1987,312
0,6.0,0,12,0,18,3.37,20.0,52.5,,3,2,1987,313
0,20.0,0,19,0,10,3.08,-10.0,47.5,,3,2,1987,314
0,16.5,0,9,1,25,4.5,-50.0,45.0,,3,3,1987,315
0,5.0,0,3,0,8,2.45,10.0,57.5,,4,4,1987,316
0,7.0,0,9,0,16,1.82,-70.0,55.0,,4,4,1987,317
0,6.0,0,18,0,24,2.32,-70.0,50.0,,4,4,1987,318
0,8.0,0,12,0,20,2.86,10.0,65.0,,4,5,1987,319
0,10.0,0,21,0,31,2.33,20.0,55.0,,4,5,1987,320
2,5.0,0,5,0,10,2.0,-100.0,45.0,,4,6,1987,321
0,11.0,0,8,0,19,2.72,0.0,55.0,,4,6,1987,322
0,5.0,1,15,1,20,1.59,20.0,65.0,,1,7,1987,323
1,11.0,0,19,0,30,2.28,-160.0,65.0,,1,8,1987,324
0,5.0,0,6,0,11,2.46,30.0,45.0,,2,10,1987,325
0,24.0,0,13,0,6,3.78,30.0,62.5,,2,10,1987,326
0,7.0,0,24,0,1,4.19,-10.0,45.0,,2,11,1987,327
0,5.0,0,2,0,8,2.85,0.0,60.0,,2,12,1987,328
0,5.0,0,21,0,26,3.63,20.0,45.0,,2,12,1987,329
0,22.0,0,14,0,5,4.06,-30.0,45.0,,3,1,1988,330
0,14.0,0,27,0,9,5.23,20.0,40.0,,3,1,1988,331
0,8.0,0,6,0,14,4.31,-15.0,45.0,,3,2,1988,332
1,7.0,0,25,0,4,5.18,-150.0,45.0,,3,2,1988,333
1,11.0,0,31,0,11,6.2,-150.0,60.0,,3,2,1988,334
0,6.0,0,1,0,7,2.94,0.0,62.5,,4,4,1988,335
1,9.0,0,25,0,4,2.93,-150.0,60.0,,4,4,1988,336
0,5.0,0,8,0,13,2.62,-60.0,45.0,,4,5,1988,337
2,5.0,0,11,0,16,2.36,-90.0,47.5,,4,5,1988,338
0,7.5,1,20,0,28,2.74,0.0,55.0,,4,5,1988,339
0,10.0,0,25,0,4,2.25,-15.0,55.0,,4,5,1988,340
0,12.0,0,2,0,14,2.59,40.0,55.0,,4,6,1988,341
0,7.0,0,13,0,20,2.99,0.0,57.5,,4,6,1988,342
1,5.0,0,31,0,5,3.27,-135.0,40.0,,4,6,1988,343
0,10.0,0,9,0,19,1.6,0.0,65.0,,1,8,1988,344
2,7.0,0,30,0,6,1.03,40.0,75.0,,1,8,1988,345
1,7.0,0,5,0,12,3.65,-110.0,50.0,,2,10,1988,346
0,7.0,0,17,0,24,3.81,15.0,55.0,,2,10,1988,347
0,13.5,0,13,1,26,3.91,-10.0,45.0,,2,11,1988,348
0,8.0,0,7,0,15,5.44,-20.0,42.5,,2,12,1988,349
0,9.0,0,11,0,20,1.95,30.0,45.0,,3,1,1989,350
0,8.5,0,15,1,23,3.15,30.0,50.0,,3,2,1989,351
1,6.0,0,18,0,24,3.81,-170.0,55.0,,3,3,1989,352
0,5.0,0,24,0,3,4.21,-15.0,40.0,,3,3,1989,353
0,5.0,0,16,0,21,3.7,-30.0,35.0,,4,4,1989,354
0,7.0,0,29,0,6,3.75,0.0,50.0,,4,5,1989,355
0,5.0,0,15,0,20,1.76,0.0,55.0,,4,6,1989,356
0,5.0,0,3,0,8,2.12,30.0,50.0,,1,7,1989,357
1,7.0,0,4,0,11,1.75,-150.0,60.0,,1,7,1989,358
0,5.0,0,28,0,3,4.74,-10.0,50.0,,1,9,1989,359
0,7.0,0,23,0,30,2.96,30.0,45.0,,2,10,1989,360
0,10.0,0,9,0,19,2.58,-35.0,60.0,,2,12,1989,361
0,7.0,0,25,0,1,4.02,15.0,45.0,,2,12,1989,362
0,9.0,0,28,0,7,4.75,-10.0,50.0,,2,12,1989,363
0,7.0,0,14,0,21,5.4,10.0,50.0,,3,1,1990,364
1,8.0,0,19,0,27,5.84,-135.0,35.0,,3,1,1990,365
0,9.0,0,20,0,29,5.91,0.0,45.0,,3,1,1990,366
1,5.0,0,25,0,2,6.42,-140.0,40.0,,3,2,1990,367
0,6.0,0,25,0,3,4.17,15.0,45.0,,3,2,1990,368
0,10.0,0,31,0,10,3.76,25.0,55.0,,3,2,1990,369
0,8.0,0,13,0,21,3.64,-15.0,50.0,,4,4,1990,370
0,13.0,0,20,0,2,3.33,-10.0,47.5,,4,5,1990,371
1,5.0,0,3,0,8,2.09,-150.0,67.5,,1,7,1990,372
0,6.0,0,17,0,23,1.69,30.0,70.0,,1,7,1990,373
1,7.0,0,31,0,9,1.28,25.0,50.0,,1,8,1990,374
0,15.0,0,19,0,3,3.8,0.0,57.5,,2,10,1990,375
0,8.0,0,2,0,10,4.07,-20.0,50.0,,2,11,1990,376
0,10.0,0,9,0,19,4.63,-35.0,45.0,,2,12,1990,377
0,9.0,0,28,0,7,3.62,-10.0,55.0,,2,12,1990,378
0,5.0,0,1,0,6,3.5,10.0,35.0,,3,1,1991,379
0,17.0,0,10,0,27,5.71,0.0,52.5,,3,1,1991,380
0,8.0,0,25,0,2,4.76,-10.0,45.0,,3,1,1991,381
0,7.0,0,3,0,10,3.47,0.0,45.0,,3,3,1991,382
0,5.0,0,10,0,15,4.22,-10.0,37.5,,3,3,1991,383
0,6.0,0,29,0,4,2.65,30.0,55.0,,1,8,1991,384
0,8.0,0,30,0,7,3.72,0.0,55.0,,1,9,1991,385
0,14.0,0,17,0,31,3.2,-15.0,37.5,,2,10,1991,386
0,5.0,0,25,0,30,5.08,-10.0,45.0,,2,12,1991,387
0,12.0,0,29,0,11,4.97,15.0,45.0,,2,12,1991,388
0,7.0,0,12,0,19,3.5,10.0,55.0,3206.3,3,1,1992,389
1,13.0,0,30,0,12,4.06,-150.0,57.5,2354.4,3,1,1992,390
0,5.0,0,31,0,7,3.97,15.0,50.0,2652.6,3,1,1992,391
1,7.0,1,14,1,21,4.96,-140.0,45.0,1739.3,3,2,1992,392
0,8.0,0,15,0,23,5.46,-30.0,40.0,1968.9,3,2,1992,393
0,7.0,0,24,0,3,4.0,-40.0,35.0,2357.4,3,2,1992,394
0,15.0,1,30,1,14,5.14,0.0,52.5,2659.3,3,2,1992,395
1,13.0,0,31,0,13,4.46,-120.0,47.5,2876.1,3,2,1992,396
0,8.0,0,2,0,10,3.64,-45.0,40.0,2043.5,3,3,1992,397
2,5.0,0,12,0,17,2.63,-100.0,47.5,3074.5,4,5,1992,398
0,17.0,0,24,0,11,3.22,25.0,50.0,2278.7,4,5,1992,399
1,5.0,0,1,0,6,2.26,-120.0,55.0,2151.1,4,6,1992,400
1,7.0,0,10,0,17,1.38,-150.0,75.0,1807.7,4,6,1992,401
0,5.0,0,13,0,18,1.62,30.0,50.0,,1,7,1992,402
0,6.0,0,12,0,18,1.95,30.0,60.0,,1,9,1992,403
0,9.0,0,4,0,13,3.36,-15.0,45.0,,2,10,1992,404
0,5.0,0,13,0,18,4.76,-30.0,55.0,,2,10,1992,405
1,6.0,0,15,0,21,2.61,-150.0,55.0,,2,10,1992,406
0,5.0,0,29,0,4,3.78,0.0,55.0,,2,10,1992,407
0,5.0,0,9,0,14,3.24,-15.0,37.5,,2,12,1992,408
0,8.0,1,22,1,30,4.22,-30.0,35.0,1824.7,3,1,1993,409
1,9.0,0,30,0,8,4.03,-150.0,70.0,2202.9,3,1,1993,410
0,5.0,0,13,0,18,5.36,10.0,57.5,1826.2,3,2,1993,411
0,7.5,0,21,1,28,3.51,-10.0,65.0,2198.3,3,2,1993,412
1,8.5,0,28,1,5,5.23,-130.0,45.0,1886.3,3,2,1993,413
0,7.0,0,11,0,18,3.02,-50.0,35.0,1788.1,3,3,1993,414
0,10.0,0,13,0,23,2.5,-20.0,47.5,1843.8,4,4,1993,415
0,12.5,1,5,0,18,3.16,15.0,65.0,2396.9,4,5,1993,416
0,6.0,0,10,0,16,2.38,-20.0,45.0,1825.4,4,6,1993,417
2,8.0,0,27,0,4,1.65,40.0,35.0,1392.2,1,7,1993,418
0,9.0,0,8,0,17,1.91,0.0,60.0,2082.6,1,9,1993,419
0,5.0,0,31,0,5,2.82,0.0,55.0,1875.5,1,9,1993,420
1,5.0,0,6,0,11,3.04,-140.0,55.0,2995.9,2,10,1993,421
0,7.0,0,7,0,14,3.17,-30.0,60.0,1466.3,2,10,1993,422
0,8.0,0,23,0,31,4.25,-15.0,45.0,1823.0,2,10,1993,423
0,11.0,0,27,0,9,1.72,10.0,60.0,1524.0,2,10,1993,424
0,10.0,0,7,0,17,3.82,15.0,62.5,2992.6,2,11,1993,425
0,14.0,0,19,0,4,4.29,20.0,62.5,2517.0,2,11,1993,426
0,9.5,1,4,0,19,4.58,-20.0,37.5,2845.3,3,1,1994,427
1,6.0,0,31,0,6,4.92,-120.0,52.5,2448.0,3,1,1994,428
1,15.5,0,8,1,23,4.51,-125.0,45.0,2007.3,3,2,1994,429
1,5.0,1,19,1,24,3.38,-110.0,35.0,2107.6,3,2,1994,430
1,13.5,1,26,0,12,4.42,-135.0,45.0,1692.0,3,3,1994,431
0,13.0,0,6,0,19,3.81,-10.0,45.0,2477.7,4,4,1994,432
1,11.5,0,24,1,5,3.22,-135.0,45.0,2253.6,4,4,1994,433
0,5.0,1,2,1,7,2.65,5.0,50.0,1528.3,4,5,1994,434
1,5.5,0,8,1,13,3.58,-120.0,55.0,2402.6,4,5,1994,435
0,6.5,0,12,1,18,2.76,-40.0,60.0,1396.6,4,5,1994,436
0,10.5,0,4,1,14,2.55,-30.0,40.0,2750.8,4,6,1994,437
1,5.5,0,6,1,11,3.36,-120.0,65.0,1807.4,4,6,1994,438
0,12.0,0,7,0,19,2.07,30.0,62.5,1666.0,4,6,1994,439
2,5.0,1,18,1,23,2.74,-90.0,45.0,4044.4,4,6,1994,440
0,7.0,0,22,0,29,3.24,-10.0,50.0,2043.5,4,6,1994,441
1,5.5,0,2,1,7,1.66,-120.0,65.0,2458.5,1,7,1994,442
0,5.0,1,11,1,16,2.66,20.0,55.0,2969.5,1,7,1994,443
0,6.0,0,27,0,2,2.35,10.0,50.0,2492.2,1,7,1994,444
1,7.0,0,5,0,12,2.55,-135.0,65.0,1918.9,1,8,1994,445
1,5.0,1,27,1,1,2.13,-130.0,55.0,2252.8,1,8,1994,446
0,9.0,0,18,0,27,2.1,-20.0,40.0,2117.0,1,9,1994,447
1,5.0,1,21,1,26,2.64,-120.0,60.0,2017.6,1,9,1994,448
0,5.0,0,12,0,17,2.82,-15.0,55.0,2235.1,2,10,1994,449
1,9.5,1,4,0,14,3.5,-165.0,55.0,2002.4,3,1,1995,450
0,27.0,1,5,1,1,3.9,20.0,57.5,2273.6,3,1,1995,451
0,6.0,0,15,0,21,5.3,-30.0,45.0,3398.2,3,2,1995,452
0,10.0,1,22,1,1,2.7,30.0,57.5,2522.9,3,3,1995,453
0,7.5,0,25,1,1,3.5,-20.0,57.5,2672.2,3,3,1995,454
1,9.5,0,26,1,4,4.2,-150.0,55.0,1953.8,3,3,1995,455
1,7.5,0,28,1,6,6.4,-140.0,55.0,1453.1,3,3,1995,456
0,21.0,1,28,1,20,5.4,-20.0,50.0,2617.1,3,3,1995,457
0,5.0,0,4,0,9,2.2,-50.0,60.0,2356.0,4,4,1995,458
0,7.0,0,26,0,3,3.2,-40.0,55.0,2161.9,4,4,1995,459
1,12.5,1,4,0,17,2.8,-160.0,50.0,2234.8,4,5,1995,460
0,5.0,0,13,0,18,2.7,-30.0,65.0,1806.2,4,5,1995,461
0,9.5,0,12,1,21,2.2,-10.0,42.5,2452.9,4,6,1995,462
1,9.0,1,13,1,22,1.7,-150.0,70.0,2625.5,4,6,1995,463
0,6.0,0,28,0,3,2.5,10.0,57.5,2053.9,1,7,1995,464
0,6.0,0,5,0,11,2.2,-40.0,55.0,2817.2,1,8,1995,465
0,6.5,0,16,1,22,2.7,0.0,55.0,3983.4,1,8,1995,466
0,6.5,0,11,1,17,2.4,-10.0,67.5,2209.8,1,9,1995,467
1,6.0,0,20,0,26,3.8,-110.0,55.0,2330.2,2,12,1995,468
0,29.0,0,29,0,28,3.8,-20.0,60.0,2479.3,2,12,1995,469
0,5.0,1,11,1,16,4.6,-10.0,35.0,2821.6,3,1,1996,470
1,10.0,1,23,1,1,3.93,-150.0,50.0,2146.3,3,1,1996,471
0,5.5,0,25,1,30,5.18,-5.0,52.5,2705.4,3,1,1996,472
0,11.5,1,27,0,8,5.14,-10.0,55.0,2474.2,3,1,1996,473
1,5.0,0,23,0,28,5.37,-130.0,45.0,1745.2,3,2,1996,474
1,6.0,1,11,1,16,4.7,-170.0,55.0,2528.5,3,3,1996,475
0,6.0,1,26,1,1,2.95,-15.0,40.0,2435.4,3,3,1996,476
0,17.0,0,3,0,20,3.71,-20.0,45.0,2092.4,4,4,1996,477
0,5.0,1,4,1,9,3.79,-45.0,55.0,2807.7,4,5,1996,478
1,5.0,0,11,0,16,2.74,-120.0,57.5,1062.3,4,5,1996,479
1,11.0,0,19,0,30,2.55,-150.0,50.0,1727.7,4,5,1996,480
0,9.0,0,25,0,3,3.22,-20.0,52.5,2533.9,4,5,1996,481
0,5.0,1,3,1,10,2.14,-85.0,70.0,1932.4,4,6,1996,482
2,7.0,0,26,0,1,2.56,-20.0,45.0,2435.4,4,6,1996,483
0,8.5,0,5,1,13,1.95,15.0,57.5,2441.2,1,8,1996,484
0,10.0,0,23,0,2,2.38,20.0,55.0,2041.7,1,8,1996,485
0,22.5,0,1,1,23,3.14,-15.0,47.5,1687.7,1,9,1996,486
2,12.5,0,14,1,26,3.0,-90.0,60.0,1778.5,1,9,1996,487
0,5.0,1,10,1,15,3.2,-40.0,40.0,2711.6,2,12,1996,488
0,7.0,0,18,0,25,4.22,-25.0,65.0,2418.4,2,12,1996,489
1,9.0,0,22,0,31,6.16,-165.0,60.0,3432.8,2,12,1996,490
0,9.0,0,21,0,30,3.11,30.0,45.0,3597.3,3,2,1997,491
0,6.0,0,18,0,24,4.37,0.0,50.0,1760.8,3,3,1997,492
2,6.0,0,27,0,5,2.28,-80.0,50.0,1849.7,3,3,1997,493
1,7.0,0,18,0,25,3.22,-150.0,55.0,2366.3,4,4,1997,494
0,5.0,0,12,0,17,2.64,10.0,45.0,2027.4,4,5,1997,495
1,7.0,0,24,0,31,3.21,-110.0,55.0,3078.7,4,5,1997,496
0,9.0,0,8,0,17,2.76,30.0,52.5,3078.7,4,6,1997,497
0,9.5,1,8,0,18,1.66,0.0,50.0,2357.7,1,7,1997,498
0,5.0,0,20,0,25,0.86,10.0,65.0,2818.7,1,7,1997,499
0,5.5,0,17,1,22,2.04,10.0,55.0,2989.8,1,8,1997,500
0,6.5,1,18,0,25,3.34,10.0,45.0,1933.5,2,10,1997,501
0,5.0,0,30,0,5,2.42,0.0,47.5,1683.2,2,10,1997,502
0,5.0,0,9,1,16,2.98,-120.0,55.0,2328.3,2,11,1997,503
1,7.5,1,17,1,23,4.1,20.0,57.5,2523.2,2,11,1997,504
0,6.0,1,28,1,2,6.31,-10.0,72.5,2640.2,2,11,1997,505
2,5.0,1,4,1,9,3.05,-95.0,60.0,1687.8,2,12,1997,506
0,7.0,1,12,1,19,5.35,30.0,70.0,2492.0,2,12,1997,507
0,6.0,0,17,0,23,1.49,20.0,45.0,1411.4,3,1,1998,508
0,10.5,1,26,0,5,4.06,-30.0,37.5,3190.0,3,1,1998,509
0,9.0,0,14,0,23,3.34,-30.0,45.0,3229.0,3,2,1998,510
0,6.0,0,6,0,12,2.59,-40.0,55.0,2533.9,3,3,1998,511
0,8.0,0,15,0,23,3.27,-10.0,45.0,1520.5,3,3,1998,512
2,6.0,0,12,0,18,2.11,-80.0,55.0,2333.1,4,5,1998,513
1,7.0,0,16,0,23,1.82,-170.0,65.0,3127.0,4,5,1998,514
2,10.5,1,26,0,7,2.87,-90.0,52.5,2950.7,4,5,1998,515
1,6.0,0,8,0,14,2.54,-150.0,60.0,1806.4,4,6,1998,516
0,11.0,0,20,0,1,2.3,40.0,55.0,2588.1,4,6,1998,517
0,6.5,1,18,0,25,3.33,-10.0,45.0,2544.7,1,9,1998,518
0,10.0,0,30,0,9,2.51,30.0,75.0,1908.1,1,9,1998,519
1,5.0,0,20,0,25,5.02,-120.0,45.0,2106.9,2,10,1998,520
0,9.5,0,29,1,8,3.15,10.0,75.0,1603.5,2,10,1998,521
1,8.5,0,2,1,10,3.42,-135.0,55.0,2099.2,2,11,1998,522
0,11.0,0,23,0,4,3.22,30.0,55.0,2853.1,2,11,1998,523
0,5.0,1,13,1,18,2.7,-10.0,37.5,2357.5,2,12,1998,524
1,12.0,1,16,1,28,5.09,-130.0,40.0,2506.4,2,12,1998,525
0,12.0,0,13,0,25,4.46,-30.0,35.0,2077.2,3,1,1999,526
1,7.0,0,19,0,26,5.14,-150.0,52.5,2433.3,3,1,1999,527
1,18.0,0,2,0,20,2.53,-150.0,55.0,3719.1,3,2,1999,528
0,9.0,0,20,0,29,1.04,0.0,40.0,2094.8,3,2,1999,529
0,14.0,0,10,0,24,2.64,-50.0,50.0,3499.4,4,4,1999,530
2,5.0,0,28,0,3,2.32,15.0,65.0,1452.6,4,4,1999,531
0,11.0,0,10,0,21,2.4,0.0,55.0,1650.4,4,5,1999,532
2,12.0,0,25,0,7,1.24,-125.0,60.0,1406.8,4,6,1999,533
0,6.0,0,26,0,2,1.68,-5.0,45.0,1607.5,4,6,1999,534
0,5.0,0,13,0,18,2.24,30.0,52.5,2954.1,1,7,1999,535
0,5.0,0,15,0,20,1.49,-40.0,65.0,2034.4,1,8,1999,536
0,13.0,0,12,0,25,2.15,15.0,55.0,1048.7,1,9,1999,537
0,10.0,0,14,0,24,3.32,0.0,55.0,1663.6,2,10,1999,538
0,6.0,0,4,0,10,1.65,25.0,45.0,1585.7,2,11,1999,539
0,5.0,0,9,0,14,3.48,-10.0,45.0,1471.7,2,11,1999,540
1,6.0,0,15,0,21,2.7,-30.0,45.0,2527.6,2,11,1999,541
1,10.0,0,19,0,29,4.56,-125.0,35.0,1966.7,2,12,1999,542
0,14.0,0,9,0,23,2.73,-25.0,55.0,2607.9,3,1,2000,543
1,12.0,0,11,0,23,4.22,-150.0,35.0,1712.3,3,2,2000,544
0,10.0,0,23,0,5,2.3,-35.0,50.0,1887.4,3,2,2000,545
0,10.0,0,29,0,7,2.61,-10.0,35.0,1421.0,3,2,2000,546
0,8.0,0,12,0,20,1.73,-40.0,65.0,2579.6,3,3,2000,547
0,9.0,0,11,0,20,1.47,-25.0,55.0,2599.0,4,4,2000,548
1,6.0,0,11,0,17,1.0,-135.0,55.0,1743.7,4,4,2000,549
0,10.0,0,3,0,13,1.93,-20.0,45.0,1780.8,4,5,2000,550
0,11.0,0,17,0,28,2.5,-80.0,50.0,3447.2,4,5,2000,551
0,7.0,0,6,0,13,1.63,-40.0,52.5,2238.5,4,6,2000,552
0,6.0,0,22,0,28,1.43,0.0,65.0,1581.3,4,6,2000,553
2,14.0,0,11,0,25,1.14,40.0,62.5,1817.6,1,7,2000,554
1,8.0,0,30,0,7,0.96,-110.0,57.5,1982.1,1,7,2000,555
0,7.0,0,17,0,24,1.2,-45.0,42.5,1505.1,1,8,2000,556
0,15.0,0,18,0,3,2.8,-35.0,60.0,2074.7,1,9,2000,557
0,8.0,0,6,0,14,2.3,40.0,45.0,2129.0,2,10,2000,558
0,5.0,0,16,0,21,3.19,25.0,45.0,1917.4,2,10,2000,559
0,5.0,0,19,0,24,1.6,-25.0,55.0,3640.8,2,11,2000,560
1,7.0,0,9,0,16,3.09,-145.0,55.0,2373.0,2,12,2000,561
1,5.0,0,20,0,25,2.81,-140.0,57.5,2679.8,2,12,2000,562
0,7.0,0,22,0,29,2.42,-25.0,52.5,2506.6,2,12,2000,563
0,9.0,0,2,0,11,3.09,0.0,50.0,2417.6,3,1,2001,564
1,8.0,0,23,0,3,2.51,-140.0,50.0,1731.9,3,2,2001,565
1,6.0,0,4,0,10,4.17,-165.0,55.0,2698.0,3,3,2001,566
1,8.0,0,15,0,23,4.18,-150.0,72.5,2404.8,3,3,2001,567
0,9.0,0,21,0,30,2.16,-10.0,70.0,3419.2000000000003,3,3,2001,568
0,6.0,0,2,0,8,2.37,15.0,50.0,1788.3000000000002,4,4,2001,569
0,10.0,0,25,0,5,2.6,30.0,35.0,2132.7000000000003,4,4,2001,570
1,9.0,0,29,0,7,2.02,-160.0,35.0,2460.6,4,4,2001,571
0,9.0,0,10,0,19,2.37,-25.0,47.5,2691.8,4,5,2001,572
1,6.0,0,15,0,21,2.62,-110.0,60.0,1731.6000000000001,4,5,2001,573
1,8.0,0,18,0,26,3.61,-155.0,55.0,2514.9,4,5,2001,574
0,9.0,0,23,0,1,3.46,30.0,60.0,2421.8,4,5,2001,575
0,10.0,0,3,0,13,2.43,20.0,55.0,2078.8,4,6,2001,576
0,14.0,0,9,0,23,2.63,35.0,60.0,2721.3,1,7,2001,577
2,8.0,0,20,0,28,2.78,-95.0,45.0,2391.8,1,7,2001,578
0,6.0,0,26,0,1,1.81,30.0,45.0,3613.3,1,8,2001,579
0,7.0,0,23,0,30,2.27,0.0,62.5,3847.2,1,9,2001,580
0,10.0,0,15,0,25,3.33,10.0,50.0,1512.7,2,10,2001,581
0,19.0,0,8,0,27,4.02,0.0,50.0,1764.9,2,12,2001,582
1,11.0,0,23,0,3,3.88,-115.0,45.0,1674.1000000000001,2,12,2001,583
0,9.5,0,2,1,11,3.62,-20.0,62.5,1674.2,3,1,2002,584
1,21.0,0,7,0,28,4.5,-110.0,45.0,2144.0,3,1,2002,585
0,14.0,0,13,0,27,2.09,-20.0,45.0,2109.3999999999996,3,1,2002,586
0,5.0,0,25,0,30,4.89,-20.0,35.0,1489.0,3,1,2002,587
1,10.0,0,2,0,12,4.64,-130.0,35.0,1699.6000000000001,3,2,2002,588
0,17.0,1,11,1,28,4.79,10.0,55.0,2002.4,3,2,2002,589
0,5.5,1,31,0,6,3.75,-40.0,40.0,3548.6,3,2,2002,590
1,6.0,0,1,0,7,2.5,-130.0,40.0,1873.7,3,3,2002,591
0,15.0,0,6,0,21,1.88,30.0,57.5,2023.7,3,3,2002,592
0,19.0,0,9,0,28,3.83,0.0,45.0,1456.0,3,3,2002,593
0,17.0,0,1,0,18,4.13,-30.0,45.0,3896.3999999999996,4,4,2002,594
0,9.0,0,15,0,24,4.22,10.0,55.0,1866.8,4,4,2002,595
1,13.5,1,19,0,4,2.54,-110.0,45.0,2230.8999999999996,4,4,2002,596
0,8.5,1,23,0,3,2.81,-50.0,65.0,1554.3,4,4,2002,597
1,9.0,0,10,0,19,2.45,-130.0,55.0,1470.2,4,5,2002,598
0,9.0,0,1,0,10,2.27,10.0,50.0,2006.3,4,6,2002,599
1,8.0,0,22,0,30,1.65,-150.0,65.0,1945.6,4,6,2002,600
0,10.0,0,1,0,11,1.75,0.0,55.0,2421.8,1,8,2002,601
0,13.0,0,15,0,28,2.37,20.0,55.0,1918.8000000000002,1,8,2002,602
1,8.0,0,30,0,7,2.43,-160.0,65.0,2613.6,1,8,2002,603
0,11.0,0,7,0,18,3.49,-40.0,45.0,2061.1,1,9,2002,604
0,12.0,0,20,0,2,2.05,-20.0,55.0,2805.1,1,9,2002,605
1,5.0,1,23,1,28,2.95,-150.0,62.5,2344.1,1,9,2002,606
0,9.0,0,6,0,15,2.87,0.0,55.0,2976.2000000000003,2,10,2002,607
1,5.0,1,13,1,18,4.3,-130.0,42.5,2084.6,2,10,2002,608
1,12.0,0,22,0,3,3.72,-130.0,55.0,1669.6000000000001,2,10,2002,609
0,5.5,0,1,1,6,2.97,0.0,45.0,2039.1,2,11,2002,610
0,7.0,0,18,0,25,3.24,0.0,65.0,2314.7000000000003,2,11,2002,611
1,21.0,0,20,0,11,3.77,-120.0,37.5,2509.6,2,11,2002,612
0,32.5,1,26,0,28,4.3,10.0,50.0,2626.6,2,12,2002,613
1,8.0,0,2,0,10,5.3,-160.0,42.5,2751.2,3,1,2003,614
1,6.0,0,12,0,18,2.24,-160.0,45.0,2559.4,3,1,2003,615
0,7.0,1,25,1,1,3.4,-30.0,55.0,2481.7,3,1,2003,616
1,6.0,0,9,0,15,3.67,-130.0,40.0,2942.7,3,2,2003,617
0,13.0,0,9,0,22,4.65,-10.0,32.5,3113.8,3,2,2003,618
0,11.0,0,20,0,2,3.39,-40.0,45.0,2222.2,3,2,2003,619
1,6.0,0,20,0,6,2.47,-130.0,45.0,1807.2,3,2,2003,620
0,10.5,1,7,0,18,4.21,-10.0,60.0,2057.5,3,3,2003,621
1,6.0,0,19,0,25,5.39,-170.0,42.5,2176.7,3,3,2003,622
0,9.0,0,4,0,13,2.99,-40.0,45.0,2647.2,4,4,2003,623
0,8.5,0,14,1,22,2.31,10.0,55.0,2764.2,4,4,2003,624
0,10.0,0,26,0,6,2.7,-20.0,42.5,1811.8,4,4,2003,625
0,9.5,1,29,0,8,3.11,10.0,50.0,2452.3,4,4,2003,626
0,15.0,0,13,0,25,2.22,-10.0,45.0,3721.3,4,5,2003,627
0,9.0,0,3,0,12,1.5,-10.0,45.0,2490.3,4,6,2003,628
1,18.5,0,4,1,22,3.2,-150.0,65.0,1812.0,4,6,2003,629
0,11.0,0,13,0,24,2.99,-20.0,45.0,1884.8,4,6,2003,630
1,11.0,0,24,0,5,3.2,-130.0,60.0,2151.4,4,6,2003,631
0,7.0,0,6,0,13,1.96,0.0,45.0,1811.7,1,8,2003,632
2,10.0,0,10,0,20,2.15,-80.0,45.0,2116.7,1,9,2003,633
0,12.0,0,13,0,25,2.12,-10.0,45.0,2542.4,1,9,2003,634
0,21.5,0,24,1,13,2.52,-10.0,45.0,2295.0,1,9,2003,635
1,12.0,0,25,0,7,4.38,-130.0,42.5,2598.2,1,9,2003,636
0,11.0,0,13,0,24,3.12,0.0,55.0,2270.3,2,10,2003,637
0,16.0,0,24,0,10,3.37,-60.0,35.0,3556.8,2,10,2003,638
0,11.0,0,5,0,16,4.21,10.0,47.5,2652.5,2,11,2003,639
0,7.0,0,27,0,4,3.51,30.0,60.0,2559.4,2,11,2003,640
1,9.5,1,29,0,8,4.32,-140.0,45.0,2829.4,2,11,2003,641
0,6.5,0,4,1,10,4.32,-20.0,45.0,2216.4,2,12,2003,642
0,7.0,0,19,0,26,3.33,-40.0,45.0,1186.3,2,12,2003,643
0,8.0,0,28,0,5,2.2,30.0,50.0,1851.7,2,12,2003,644
0,6.0,0,29,0,4,3.17,-30.0,35.0,2657.9,2,12,2003,645
1,9.5,0,2,1,11,4.51,-150.0,45.0,2657.9,3,1,2004,646
0,13.0,0,23,0,5,4.6,-20.0,55.0,2620.4,3,1,2004,647
0,13.0,0,27,0,9,2.58,-40.0,40.0,1974.4,3,1,2004,648
0,31.5,1,10,0,14,5.15,-30.0,40.0,2353.0,3,2,2004,649
1,14.0,1,14,1,28,3.44,-140.0,45.0,1874.5,3,2,2004,650
0,31.0,0,18,0,18,3.46,30.0,50.0,1644.5,3,2,2004,651
0,5.0,1,15,1,20,4.62,0.0,37.5,2457.1,3,3,2004,652
1,5.0,1,17,1,22,4.28,-130.0,45.0,2015.5,3,3,2004,653
2,5.0,0,11,0,16,2.97,-90.0,50.0,2537.0,4,4,2004,654
0,10.0,1,16,1,26,2.72,0.0,65.0,2397.4,4,4,2004,655
0,17.0,0,26,0,12,3.63,-10.0,60.0,2456.3,4,4,2004,656
1,7.5,0,6,1,13,2.48,-130.0,50.0,2515.8,4,5,2004,657
0,20.0,0,12,0,1,2.58,-40.0,50.0,2158.4,4,5,2004,658
1,23.0,0,20,0,13,3.81,-120.0,55.0,2712.1,4,5,2004,659
1,5.0,0,5,0,10,2.38,-110.0,52.5,2211.4,4,6,2004,660
1,5.0,0,6,0,11,1.52,-170.0,50.0,2520.0,1,7,2004,661
1,23.5,0,5,1,28,2.64,-150.0,60.0,2352.3,1,8,2004,662
0,18.5,1,27,0,15,2.91,30.0,55.0,2868.1,1,8,2004,663
0,7.0,0,8,0,15,3.26,-30.0,55.0,1727.5,2,10,2004,664
1,14.0,1,12,1,26,2.98,-130.0,40.0,2230.9,2,10,2004,665
0,10.0,0,18,0,28,3.22,-50.0,55.0,2223.2,2,10,2004,666
0,11.0,0,2,0,13,2.24,20.0,37.5,2977.1,2,11,2004,667
0,22.0,0,4,0,26,3.02,-20.0,40.0,2481.5,2,11,2004,668
0,5.0,0,9,0,14,3.16,0.0,52.5,1535.4,2,12,2004,669
1,6.0,0,19,0,25,3.53,-130.0,40.0,3314.0,2,12,2004,670
0,13.5,1,3,0,17,4.71,-20.0,45.0,2098.5,3,1,2005,671
0,21.0,0,19,0,10,3.46,0.0,45.0,1530.8,3,1,2005,672
1,5.0,1,17,1,22,2.71,-140.0,52.5,3971.2,3,2,2005,673
0,12.0,0,21,0,5,4.71,-20.0,55.0,1941.6,3,2,2005,674
0,7.5,1,14,0,22,3.88,-10.0,45.0,2305.7,3,3,2005,675
2,7.0,0,17,0,24,1.61,-90.0,50.0,1629.1,4,4,2005,676
0,5.0,1,10,1,15,2.26,-60.0,50.0,2253.0,4,5,2005,677
1,6.5,1,22,0,29,2.18,-170.0,57.5,2041.4,4,5,2005,678
0,10.0,0,30,0,10,3.67,30.0,67.5,1545.0,4,5,2005,679
0,5.5,0,8,1,13,2.42,-10.0,50.0,2497.0,4,6,2005,680
1,5.0,0,18,0,23,1.89,-120.0,60.0,2803.8,4,6,2005,681
0,7.0,0,18,0,25,2.4,30.0,55.0,2630.6,4,6,2005,682
0,5.0,0,31,0,5,2.25,-20.0,45.0,1828.0,4,6,2005,683
0,14.5,1,14,0,29,1.57,30.0,55.0,1595.7,1,7,2005,684
1,11.5,1,15,1,27,2.33,-150.0,62.5,1709.7,1,7,2005,685
0,6.0,0,21,0,27,2.3,-30.0,70.0,2651.6,1,7,2005,686
0,12.5,1,29,0,12,2.5,0.0,60.0,1787.6,1,7,2005,687
2,9.0,0,5,0,14,2.41,40.0,50.0,2845.3,1,8,2005,688
1,13.0,1,6,1,19,2.76,-160.0,50.0,3843.1,1,8,2005,689
0,14.0,0,18,0,1,2.72,10.0,55.0,2090.7,1,8,2005,690
0,15.5,1,18,0,4,2.48,0.0,52.5,2557.3,1,9,2005,691
0,10.0,0,31,0,10,1.88,10.0,50.0,2107.1,1,9,2005,692
0,12.5,0,4,1,16,3.95,10.0,55.0,1490.4,2,10,2005,693
1,6.5,1,22,0,29,2.77,-120.0,45.0,2218.8,2,10,2005,694
0,5.5,0,9,1,14,1.85,20.0,55.0,1563.8,2,11,2005,695
0,12.0,0,17,0,29,4.08,-10.0,65.0,1576.6,2,11,2005,696
1,6.0,0,18,0,24,3.87,-130.0,45.0,1774.4,2,11,2005,697
0,11.0,1,27,1,7,3.09,10.0,45.0,2184.2,2,11,2005,698
0,27.0,0,9,0,5,3.56,-10.0,40.0,2077.2,2,12,2005,699
1,5.0,0,15,0,20,4.12,-130.0,45.0,1948.5,2,12,2005,700
0,13.5,1,22,0,5,4.87,-30.0,45.0,2619.0,3,1,2006,701
1,7.0,0,26,0,2,5.55,-130.0,55.0,3205.7,3,1,2006,702
0,5.5,0,11,1,16,1.87,0.0,45.0,2562.4,3,3,2006,703
0,11.0,0,20,0,31,3.8,40.0,45.0,2633.6,3,3,2006,704
1,5.0,0,7,0,12,3.31,-120.0,45.0,2568.2,4,4,2006,705
0,10.0,0,25,0,5,3.1,10.0,50.0,2109.1,4,4,2006,706
0,20.0,1,31,1,20,3.13,-10.0,55.0,2734.9,4,4,2006,707
0,9.0,1,13,1,22,1.96,20.0,45.0,2562.4,4,5,2006,708
0,11.5,1,30,0,11,3.46,-10.0,65.0,1976.7,4,6,2006,709
1,5.0,0,1,0,6,1.3,-160.0,50.0,2011.4,1,7,2006,710
0,18.0,1,30,1,18,1.87,10.0,57.5,1836.3,1,7,2006,711
0,8.0,1,10,1,18,2.88,10.0,45.0,1867.7,1,9,2006,712
1,8.5,1,15,0,24,2.58,-130.0,65.0,1318.2,1,9,2006,713
0,6.5,1,21,0,28,2.55,10.0,50.0,1904.8,1,9,2006,714
1,9.5,0,3,1,12,2.54,-150.0,35.0,3571.2,2,10,2006,715
0,11.0,0,9,0,20,2.64,10.0,45.0,2063.2,2,10,2006,716
0,7.0,0,5,0,12,2.49,-20.0,50.0,2362.5,2,11,2006,717
0,10.0,0,26,0,6,3.15,20.0,45.0,2781.9,2,11,2006,718
0,5.5,0,8,1,13,1.37,30.0,45.0,1705.3,2,12,2006,719
0,9.5,0,18,1,27,4.98,-20.0,45.0,2050.0,2,12,2006,720
0,9.5,0,14,1,23,2.29,30.0,45.0,2671.7,3,1,2007,721
1,6.0,0,21,0,27,4.73,-140.0,50.0,2500.0,3,1,2007,722
0,8.5,1,31,0,9,5.99,10.0,65.0,1632.1,3,1,2007,723
0,12.0,0,7,0,19,4.3,0.0,40.0,1598.7,3,2,2007,724
1,7.0,0,16,0,23,3.58,-130.0,35.0,2493.3,3,2,2007,725
0,8.5,0,1,1,9,3.27,-20.0,37.5,2014.4,4,4,2007,726
2,8.5,0,3,1,11,2.29,40.0,55.0,2363.4,4,4,2007,727
0,9.0,0,16,0,25,2.15,-10.0,55.0,2706.6,4,4,2007,728
1,6.0,0,19,0,25,3.36,-150.0,45.0,1708.3,4,4,2007,729
0,10.0,0,26,0,6,3.38,-60.0,55.0,2308.7,4,4,2007,730
0,18.0,0,27,0,15,2.69,20.0,55.0,2184.5,4,5,2007,731
0,9.0,0,13,0,22,2.43,-50.0,60.0,1870.7,4,6,2007,732
1,8.0,0,17,0,25,1.41,-170.0,42.5,2523.0,4,6,2007,733
1,7.5,0,28,1,5,1.84,-150.0,50.0,1734.5,4,6,2007,734
0,9.5,1,29,0,8,3.3,20.0,45.0,2718.0,4,6,2007,735
1,9.0,0,2,0,11,1.83,-150.0,70.0,2633.4,1,7,2007,736
0,6.0,1,5,1,11,2.63,20.0,55.0,1872.5,1,8,2007,737
0,12.5,1,2,0,15,2.27,-30.0,45.0,2985.7,1,9,2007,738
0,8.0,0,10,0,18,1.97,-20.0,45.0,2560.3,2,10,2007,739
0,19.5,0,24,1,13,2.3,20.0,50.0,2168.7,2,10,2007,740
0,6.5,0,1,1,7,3.05,-10.0,45.0,2715.1,2,11,2007,741
0,10.5,0,12,1,22,5.78,0.0,55.0,2945.7,2,12,2007,742
1,5.5,1,30,0,6,5.58,-140.0,60.0,2660.9,2,12,2007,743
0,6.5,1,6,0,13,3.5,-20.0,50.0,2356.0,3,1,2008,744
1,10.5,1,10,0,21,5.49,-130.0,37.5,2650.2,3,1,2008,745
1,10.5,1,27,0,4,2.68,-150.0,37.5,1538.4,3,1,2008,746
0,5.5,0,29,1,3,3.96,10.0,55.0,2018.5,3,1,2008,747
0,7.5,0,20,1,27,3.32,-20.0,45.0,,3,2,2008,748
0,5.5,1,1,0,7,3.51,-30.0,45.0,1928.9,3,3,2008,749
0,15.0,0,15,0,30,3.36,-10.0,42.5,1321.2,3,3,2008,750
1,9.0,0,27,0,8,3.05,-170.0,40.0,2204.2,3,3,2008,751
0,11.5,1,9,0,21,2.88,20.0,45.0,1653.3,4,4,2008,752
1,10.5,1,22,0,3,3.76,-150.0,45.0,1566.8,4,4,2008,753
0,9.5,1,23,0,3,3.49,10.0,50.0,1533.8,4,4,2008,754
0,8.0,0,31,0,8,2.42,0.0,52.5,2110.1,4,4,2008,755
2,5.0,0,5,0,10,1.69,40.0,55.0,1815.0,4,5,2008,756
1,5.5,0,9,1,14,2.82,-170.0,55.0,1810.2,4,5,2008,757
0,13.0,0,11,0,24,3.13,-10.0,55.0,1579.6,4,5,2008,758
1,14.5,1,18,0,2,2.78,-150.0,65.0,1907.8,4,5,2008,759
0,10.0,0,28,0,8,2.92,-10.0,45.0,1831.0,4,5,2008,760
1,5.0,0,1,0,6,3.46,-130.0,55.0,2060.5,4,6,2008,761
0,12.0,0,22,0,4,2.48,-10.0,50.0,2219.4,4,6,2008,762
0,8.0,0,2,0,10,2.44,20.0,55.0,2201.7,1,7,2008,763
2,9.0,0,15,0,24,1.86,40.0,55.0,2035.1,1,7,2008,764
0,9.0,0,23,0,1,2.37,0.0,42.5,2298.0,1,7,2008,765
0,13.0,0,7,0,20,3.52,-20.0,55.0,2871.1,1,9,2008,766
0,9.0,0,20,0,29,3.23,-10.0,50.0,2066.2,1,9,2008,767
2,7.5,1,26,0,3,3.02,40.0,52.5,2540.0,2,10,2008,768
1,6.0,0,3,0,9,2.32,-160.0,75.0,3317.0,2,11,2008,769
0,11.0,0,5,0,16,3.46,0.0,60.0,3767.8,2,11,2008,770
0,15.5,0,14,1,29,4.25,-20.0,45.0,2848.3,2,11,2008,771
0,8.0,0,12,0,20,2.62,30.0,55.0,2080.2,2,12,2008,772
1,8.0,0,14,0,22,4.63,-160.0,55.0,2197.1,2,12,2008,773
0,16.0,0,19,0,4,4.12,-10.0,42.5,2273.3,2,12,2008,774
1,7.5,1,4,0,12,2.75,-140.0,55.0,3254.0,3,1,2009,775
1,7.5,1,22,0,30,4.55,-170.0,45.0,2455.3,3,1,2009,776
0,8.0,0,23,0,31,4.89,0.0,50.0,2726.0,3,1,2009,777
0,21.0,0,30,0,20,4.47,-40.0,50.0,2256.0,3,1,2009,778
1,5.5,0,6,1,11,2.09,-110.0,55.0,3626.4,3,2,2009,779
0,20.0,0,7,0,27,2.67,-10.0,55.0,2784.9,3,2,2009,780
1,5.0,0,18,0,23,3.65,-130.0,50.0,2154.4,3,2,2009,781
1,5.0,0,2,0,7,2.26,-110.0,45.0,3559.8,3,3,2009,782
0,12.0,0,3,0,15,3.16,-30.0,45.0,3846.1,3,3,2009,783
1,10.0,0,16,0,26,3.55,-160.0,60.0,3077.7,3,3,2009,784
0,11.0,0,9,0,20,2.96,-10.0,45.0,2934.7,4,4,2009,785
1,7.5,0,20,1,27,3.34,-110.0,55.0,2767.2,4,4,2009,786
0,14.0,0,2,0,16,2.98,-20.0,55.0,2754.2,4,5,2009,787
2,21.5,1,2,0,24,3.08,40.0,50.0,2845.4,4,5,2009,788
1,7.0,1,4,1,11,3.06,-160.0,50.0,3974.2,4,5,2009,789
1,8.0,0,26,0,3,1.77,-130.0,65.0,1730.5,4,5,2009,790
1,8.5,0,6,1,14,2.22,-150.0,60.0,,1,7,2009,791
0,9.5,0,3,1,12,2.04,20.0,70.0,2119.7,1,8,2009,792
1,7.0,0,4,0,11,1.89,-140.0,45.0,2187.2,1,8,2009,793
0,5.0,1,10,1,15,3.14,-10.0,52.5,2179.7,1,9,2009,794
1,5.5,0,12,1,17,2.63,-110.0,45.0,3356.0,1,9,2009,795
0,7.5,0,22,1,29,1.86,-20.0,45.0,2623.4,1,9,2009,796
1,5.0,1,10,1,15,3.43,-140.0,60.0,1548.0,2,10,2009,797
0,7.0,0,10,0,17,3.55,-20.0,35.0,1777.4,2,10,2009,798
1,5.0,0,29,0,3,2.89,-170.0,55.0,2980.1,2,10,2009,799
0,10.0,0,31,0,10,3.76,20.0,55.0,2161.4,2,11,2009,800
0,9.5,1,1,0,11,3.0,40.0,45.0,2484.5,2,12,2009,801
1,15.0,1,1,1,16,4.57,-130.0,40.0,2948.6,2,12,2009,802
0,14.0,0,9,0,23,4.38,-10.0,55.0,2824.3,2,12,2009,803
1,9.0,1,8,1,17,4.98,-160.0,47.5,3264.0,3,1,2010,804
0,14.0,0,19,0,2,4.32,-10.0,55.0,3154.0,3,1,2010,805
0,9.0,0,29,0,7,4.19,-30.0,50.0,2904.0,3,1,2010,806
1,6.0,0,4,0,10,4.04,-130.0,35.0,3384.0,3,2,2010,807
0,7.0,0,4,0,11,3.39,-20.0,40.0,3593.0,3,2,2010,808
0,9.0,0,20,0,1,2.44,0.0,60.0,3184.0,3,2,2010,809
0,8.0,0,1,0,9,4.46,20.0,57.5,3152.0,3,3,2010,810
0,7.0,0,16,0,23,4.38,20.0,60.0,2585.0,3,3,2010,811
0,10.0,0,18,0,28,3.72,-20.0,40.0,3296.0,3,3,2010,812
1,10.5,1,18,0,29,2.86,-160.0,60.0,2269.0,3,3,2010,813
1,23.0,0,20,0,12,4.59,-160.0,45.0,3038.0,3,3,2010,814
0,12.0,1,15,1,27,2.59,-20.0,45.0,2881.0,4,4,2010,815
2,8.0,0,4,0,12,2.77,40.0,65.0,2818.0,4,5,2010,816
1,8.5,0,19,1,27,2.35,-110.0,65.0,2270.0,4,6,2010,817
0,26.0,0,4,0,30,2.44,20.0,55.0,2614.0,1,7,2010,818
1,6.0,0,10,0,16,2.55,-140.0,45.0,2900.0,1,8,2010,819
0,18.0,0,4,0,22,2.27,0.0,55.0,2451.0,1,9,2010,820
0,10.0,0,9,0,19,3.83,10.0,60.0,3163.0,2,10,2010,821
0,12.0,0,27,0,9,4.15,0.0,62.5,3071.0,2,10,2010,822
0,5.5,1,29,0,4,2.03,20.0,45.0,2512.0,2,11,2010,823
0,33.0,0,19,0,22,4.73,10.0,55.0,2507.0,2,12,2010,824
0,7.0,1,9,1,16,3.55,-20.0,45.0,3014.0,3,1,2011,825
1,15.0,0,12,0,27,5.01,-130.0,40.0,3080.0,3,1,2011,826
1,8.5,1,3,0,12,5.69,-120.0,50.0,2826.0,3,2,2011,827
0,9.0,0,23,0,3,3.77,-10.0,45.0,3200.0,3,2,2011,828
0,8.5,0,7,1,15,4.08,-20.0,40.0,2590.0,3,3,2011,829
0,8.0,0,25,0,2,5.06,0.0,50.0,3076.0,3,3,2011,830
0,5.0,0,27,0,2,3.15,30.0,50.0,3301.0,4,4,2011,831
0,11.0,0,23,0,3,3.25,0.0,55.0,2640.0,4,5,2011,832
0,6.0,1,20,1,26,2.18,-50.0,65.0,2448.0,4,6,2011,833
0,7.0,0,17,0,24,2.13,30.0,75.0,2039.0,1,8,2011,834
0,5.0,0,28,0,3,3.65,10.0,50.0,2676.0,1,9,2011,835
0,7.0,0,22,0,29,3.38,20.0,50.0,2257.0,2,10,2011,836
0,20.5,0,31,1,20,3.99,20.0,50.0,2655.0,2,11,2011,837
1,9.0,0,1,0,10,3.46,-140.0,40.0,2434.0,2,12,2011,838
0,5.5,1,2,0,8,4.15,-10.0,45.0,2619.0,3,1,2012,839
0,5.0,1,9,1,14,3.61,0.0,55.0,2308.0,3,1,2012,840
1,13.0,0,10,0,23,3.53,-150.0,35.0,3074.0,3,1,2012,841
0,8.0,0,16,0,24,4.26,0.0,65.0,2937.0,3,1,2012,842
1,5.0,1,26,1,31,2.95,-150.0,40.0,3031.0,3,1,2012,843
0,7.5,1,16,0,24,3.25,0.0,50.0,2109.0,3,2,2012,844
0,5.0,0,8,0,13,4.06,0.0,60.0,2260.0,3,3,2012,845
1,5.0,1,9,1,14,3.87,-170.0,45.0,2266.0,3,3,2012,846
0,5.5,1,13,0,19,3.77,-30.0,45.0,2323.0,3,3,2012,847
0,5.0,0,22,0,27,2.39,0.0,75.0,4341.0,3,3,2012,848
0,7.0,0,26,0,5,4.03,-10.0,60.0,3588.0,3,3,2012,849
1,33.0,1,11,1,14,2.49,-140.0,32.5,3126.0,4,4,2012,850
0,6.0,1,25,1,1,2.32,-50.0,40.0,3139.0,4,4,2012,851
0,5.0,0,31,0,5,2.05,-30.0,65.0,4764.0,4,4,2012,852
2,7.5,1,1,0,9,1.66,-80.0,45.0,3780.0,4,5,2012,853
0,17.0,1,6,1,23,2.51,30.0,50.0,2409.0,4,5,2012,854
0,17.5,1,11,0,29,2.7,-30.0,50.0,3128.0,4,5,2012,855
1,7.0,0,21,0,28,2.72,-110.0,45.0,3014.0,4,5,2012,856
0,10.0,1,27,1,7,1.65,30.0,40.0,3983.0,4,5,2012,857
1,15.5,1,14,0,30,2.92,-150.0,65.0,3027.0,4,6,2012,858
1,7.0,0,31,0,7,2.36,-110.0,55.0,2101.0,4,6,2012,859
0,5.0,0,11,0,16,2.44,0.0,55.0,2555.0,1,8,2012,860
1,14.0,0,23,0,6,3.71,-170.0,55.0,2948.0,2,10,2012,861
0,9.0,0,24,0,2,3.43,-20.0,55.0,3323.0,2,10,2012,862
1,10.0,0,30,0,10,3.64,-130.0,40.0,4040.0,2,10,2012,863
0,29.0,0,9,0,7,4.1,-10.0,40.0,2403.0,3,1,2013,864
1,24.0,0,23,0,16,5.93,-130.0,45.0,2957.0,3,2,2013,865
1,18.0,0,23,0,1,3.87,-150.0,65.0,2744.0,3,2,2013,866
0,5.0,0,24,0,1,3.8,30.0,55.0,2472.0,3,2,2013,867
0,8.5,1,5,0,14,3.91,30.0,55.0,3422.0,3,3,2013,868
0,12.0,0,14,0,26,2.89,-20.0,45.0,2816.0,3,3,2013,869
1,10.5,0,20,1,30,4.24,-170.0,60.0,2140.0,3,3,2013,870
0,6.5,1,26,0,2,4.61,0.0,65.0,2252.0,3,3,2013,871
0,7.0,1,19,1,26,3.8,20.0,60.0,2931.0,4,4,2013,872
1,5.0,0,1,0,6,2.96,-160.0,60.0,1873.0,4,5,2013,873
1,15.0,1,8,1,23,2.64,-170.0,45.0,2536.0,4,5,2013,874
0,7.0,0,14,0,21,2.89,-20.0,45.0,2416.0,4,6,2013,875
2,5.0,1,20,1,25,2.26,-90.0,55.0,1849.0,4,6,2013,876
1,33.0,0,13,0,15,2.7,-150.0,70.0,2837.0,1,7,2013,877
0,6.0,0,17,0,23,2.84,0.0,50.0,2461.0,1,7,2013,878
0,8.0,1,9,1,17,1.68,-20.0,50.0,2664.0,1,8,2013,879
0,5.5,0,23,1,28,2.45,0.0,60.0,1828.0,1,8,2013,880
0,15.0,0,6,0,21,2.51,20.0,55.0,2176.0,1,9,2013,881
0,13.0,1,9,1,22,3.06,-20.0,50.0,2553.0,2,10,2013,882
1,14.0,0,15,0,29,3.74,-130.0,42.5,3151.0,2,10,2013,883
0,7.5,0,26,1,2,1.48,20.0,40.0,3124.0,2,10,2013,884
0,5.0,0,29,0,4,3.03,0.0,55.0,2159.0,2,10,2013,885
0,14.0,0,10,0,24,3.08,-30.0,35.0,2932.0,2,11,2013,886
1,5.0,0,22,0,27,3.39,-140.0,35.0,2632.0,2,11,2013,887
1,5.0,1,18,1,23,3.49,-150.0,40.0,3006.0,2,12,2013,888
0,22.5,1,21,0,14,3.82,-20.0,55.0,3322.0,2,12,2013,889
2,8.0,0,26,0,3,1.71,40.0,45.0,2517.0,2,12,2013,890
1,21.0,1,28,1,18,4.19,-140.0,45.0,2777.0,3,1,2014,891
1,9.0,0,21,0,2,4.28,-130.0,55.0,2622.0,3,2,2014,892
0,13.0,0,22,0,7,3.34,40.0,45.0,2359.0,3,2,2014,893
0,23.0,0,28,0,20,4.47,-30.0,40.0,2905.0,3,2,2014,894
0,6.5,0,13,1,19,5.82,30.0,60.0,2731.0,3,3,2014,895
0,7.0,0,19,0,26,3.45,-10.0,50.0,2140.0,3,3,2014,896
0,6.5,1,3,0,10,3.69,-20.0,47.5,1939.0,4,4,2014,897
0,6.0,0,17,0,23,4.68,0.0,60.0,2539.0,4,4,2014,898
0,9.5,1,28,0,7,3.85,40.0,55.0,2258.0,4,4,2014,899
1,24.0,0,8,0,2,3.76,-130.0,45.0,2455.0,4,5,2014,900
1,10.0,0,13,0,23,3.43,-160.0,52.5,2667.0,4,6,2014,901
0,5.5,1,16,0,22,2.2,-20.0,45.0,2881.0,4,6,2014,902
0,6.0,0,22,0,28,2.33,-30.0,65.0,2479.0,4,6,2014,903
0,8.0,0,7,0,15,3.22,20.0,60.0,1866.0,1,7,2014,904
0,21.0,0,18,0,8,2.4,30.0,67.5,2630.0,1,7,2014,905
0,19.0,1,19,1,7,2.63,20.0,60.0,3000.0,1,7,2014,906
1,8.0,0,24,0,1,1.89,-100.0,60.0,1985.0,1,7,2014,907
0,7.0,1,13,1,20,2.87,-60.0,55.0,2183.0,1,8,2014,908
0,9.5,0,9,1,18,2.59,-10.0,50.0,2467.0,1,9,2014,909
0,8.0,0,24,0,1,2.39,20.0,55.0,2674.0,2,10,2014,910
1,6.0,1,28,1,4,1.79,-120.0,50.0,2156.0,2,10,2014,911
1,12.0,0,5,0,17,4.12,-170.0,65.0,2432.0,2,11,2014,912
0,12.0,0,14,0,26,4.04,20.0,55.0,2600.0,2,11,2014,913
0,6.0,1,30,1,5,2.41,30.0,45.0,2413.0,2,11,2014,914
0,24.0,1,12,1,5,3.09,-40.0,40.0,2934.0,2,12,2014,915
1,6.5,1,14,0,21,2.82,-120.0,45.0,2080.0,2,12,2014,916
1,11.0,0,30,0,10,4.81,-130.0,55.0,2768.0,3,1,2015,917
0,9.0,0,31,0,9,5.42,20.0,60.0,3483.0,3,1,2015,918
0,7.5,1,7,0,15,3.22,20.0,45.0,2457.0,3,2,2015,919
0,11.0,0,12,0,23,5.28,-20.0,45.0,2523.0,3,3,2015,920
1,13.5,1,26,0,11,2.99,-40.0,35.0,2936.0,3,3,2015,921
0,5.0,0,28,0,2,3.43,30.0,60.0,2032.0,3,3,2015,922
1,5.5,1,28,0,3,3.54,-140.0,50.0,2674.0,3,3,2015,923
1,6.5,1,5,0,12,3.58,-130.0,45.0,2419.0,4,4,2015,924
0,7.0,0,11,0,18,3.14,-40.0,60.0,2887.0,4,4,2015,925
2,7.0,1,14,1,21,2.22,-90.0,40.0,2766.0,4,4,2015,926
0,8.0,0,20,0,28,4.23,0.0,55.0,2389.0,4,4,2015,927
2,10.0,0,25,0,5,3.79,-100.0,55.0,2319.0,4,4,2015,928
0,5.0,1,5,1,10,2.15,0.0,45.0,2953.0,4,5,2015,929
1,10.0,1,7,1,17,2.71,-140.0,35.0,2653.0,4,5,2015,930
0,17.0,0,15,0,1,2.9,40.0,55.0,2172.0,4,5,2015,931
0,6.0,0,1,0,7,3.39,-10.0,55.0,3213.0,4,6,2015,932
0,14.0,0,24,0,8,2.46,30.0,50.0,2146.0,4,6,2015,933
0,5.0,1,7,1,12,2.18,20.0,50.0,2334.0,1,8,2015,934
0,10.0,0,15,0,25,3.73,20.0,60.0,2278.0,1,8,2015,935
1,8.0,0,22,0,30,2.81,-170.0,45.0,2848.0,1,8,2015,936
0,14.0,0,1,0,15,3.56,-20.0,60.0,2400.0,1,9,2015,937
0,5.5,1,27,0,3,3.24,0.0,55.0,2816.0,1,9,2015,938
0,8.0,0,6,0,14,3.94,20.0,65.0,1854.0,2,10,2015,939
0,5.0,1,16,1,21,3.21,-10.0,55.0,1933.0,2,10,2015,940
0,6.0,0,7,0,13,2.77,-10.0,40.0,3121.0,2,11,2015,941
0,11.5,1,14,0,26,3.16,0.0,40.0,3277.0,2,11,2015,942
1,8.0,1,23,1,1,3.96,-150.0,45.0,2476.0,2,11,2015,943
0,11.0,0,27,0,7,4.07,20.0,55.0,2512.0,2,11,2015,944
0,5.0,0,5,0,10,2.2,10.0,45.0,2689.0,2,12,2015,945
0,9.5,1,20,0,30,3.82,20.0,45.0,3114.0,2,12,2015,946
0,11.0,0,1,0,12,4.67,-30.0,55.0,2797.0,3,1,2016,947
0,8.5,1,14,0,23,3.78,-20.0,45.0,2779.0,3,1,2016,948
0,5.0,0,25,0,30,3.78,0.0,55.0,3058.0,3,1,2016,949
1,13.0,0,30,0,12,5.81,-160.0,45.0,3197.0,3,1,2016,950
1,7.0,0,1,0,8,4.34,-140.0,55.0,2827.0,3,2,2016,951
0,12.0,0,4,0,16,4.36,10.0,65.0,2630.0,3,2,2016,952
1,21.0,0,23,0,16,4.51,-160.0,50.0,2594.0,3,2,2016,953
2,17.0,0,7,0,24,1.99,40.0,50.0,2447.0,3,3,2016,954
0,5.0,0,12,0,17,3.22,-30.0,40.0,2250.0,3,3,2016,955
0,13.0,0,22,0,4,3.17,20.0,45.0,2673.0,3,3,2016,956
0,5.5,0,4,1,9,2.8,-20.0,40.0,2687.0,4,4,2016,957
0,8.0,0,18,0,27,3.45,-20.0,50.0,3162.0,4,4,2016,958
0,12.0,0,2,0,14,4.41,-10.0,60.0,2689.0,4,5,2016,959
0,15.0,0,17,0,1,2.25,10.0,50.0,2375.0,4,5,2016,960
1,5.0,1,24,1,29,1.99,-140.0,45.0,2586.0,4,5,2016,961
1,5.0,0,5,0,10,2.31,-110.0,70.0,3980.0,1,7,2016,962
0,13.0,0,9,0,22,3.27,20.0,50.0,2272.0,1,9,2016,963
0,24.0,0,3,0,27,3.94,0.0,55.0,2788.0,2,10,2016,964
1,8.0,0,6,0,14,3.18,-150.0,65.0,3578.0,2,10,2016,965
0,11.0,0,13,0,24,2.75,-30.0,40.0,3347.0,2,11,2016,966
1,12.0,1,4,1,16,4.46,-170.0,65.0,2544.0,2,12,2016,967
0,33.5,1,19,0,23,4.15,40.0,45.0,3106.0,2,12,2016,968
0,8.0,0,24,0,1,3.14,-20.0,40.0,3876.0,2,12,2016,969
1,7.0,1,6,1,13,3.78,-150.0,70.0,1981.0,3,1,2017,970
0,7.5,0,10,1,18,5.92,20.0,60.0,2436.0,3,1,2017,971
0,5.5,1,5,0,11,4.61,20.0,65.0,2423.0,3,2,2017,972
1,8.0,0,10,0,18,2.69,-140.0,35.0,3075.0,3,2,2017,973
1,8.0,0,20,0,28,3.94,-160.0,40.0,2497.0,3,2,2017,974
0,19.0,0,20,0,9,3.68,-20.0,45.0,2586.0,3,2,2017,975
0,5.0,0,30,0,4,3.98,-30.0,40.0,2894.0,3,2,2017,976
0,5.0,1,15,1,20,4.22,0.0,65.0,2196.0,3,3,2017,977
0,12.5,1,10,0,23,3.94,10.0,60.0,2401.0,4,4,2017,978
1,9.0,1,30,1,8,4.24,-170.0,55.0,2354.0,4,4,2017,979
0,14.0,0,1,0,15,3.79,-40.0,37.5,2774.0,4,5,2017,980
0,6.0,0,20,0,26,3.02,10.0,57.5,2386.0,4,5,2017,981
0,10.0,0,23,0,2,3.89,-10.0,60.0,2938.0,4,5,2017,982
0,7.5,1,28,1,5,2.21,30.0,45.0,2366.0,4,5,2017,983
1,9.0,0,16,0,25,3.05,-140.0,40.0,2526.0,4,6,2017,984
0,5.0,0,22,0,27,2.13,40.0,50.0,2428.0,4,6,2017,985
0,11.0,0,22,0,3,2.8,-20.0,50.0,2575.0,4,6,2017,986
1,16.0,0,3,0,19,2.24,-140.0,75.0,2862.0,1,7,2017,987
2,12.5,0,12,1,24,2.04,40.0,60.0,2851.0,1,7,2017,988
0,14.0,0,19,0,2,1.69,0.0,60.0,2767.0,1,7,2017,989
1,10.0,0,7,0,17,2.33,-130.0,45.0,2610.0,1,8,2017,990
0,12.0,0,13,0,25,2.57,30.0,50.0,2630.0,1,8,2017,991
0,7.0,0,3,0,10,3.28,10.0,65.0,1756.0,1,9,2017,992
0,17.5,1,16,0,4,4.16,-20.0,60.0,2308.0,1,9,2017,993
0,5.0,0,21,0,26,2.96,-10.0,60.0,1941.0,2,10,2017,994
0,8.0,0,24,0,1,3.18,-10.0,35.0,2500.0,2,10,2017,995
1,8.5,1,26,0,5,4.67,-140.0,45.0,2821.0,2,10,2017,996
0,7.0,1,2,1,9,2.04,-10.0,45.0,2083.0,2,11,2017,997
0,16.0,0,8,0,24,2.75,-30.0,45.0,2490.0,2,11,2017,998
0,8.0,0,27,0,5,3.58,-30.0,45.0,2397.0,2,11,2017,999
1,10.5,1,4,0,15,4.65,-130.0,45.0,2802.0,2,12,2017,1000
0,6.5,0,19,1,25,3.01,-10.0,45.0,2853.0,2,12,2017,1001
1,5.0,0,22,0,27,5.58,-140.0,60.0,2317.0,2,12,2017,1002
1,5.5,1,11,0,17,3.75,-120.0,45.0,2897.0,3,1,2018,1003
0,10.0,0,18,0,28,3.62,-30.0,30.0,2873.0,3,1,2018,1004
0,19.5,0,28,1,16,4.26,-20.0,40.0,2626.0,3,1,2018,1005
1,6.0,0,11,0,17,3.8,-170.0,40.0,2332.0,3,2,2018,1006
0,6.0,0,14,0,20,3.09,0.0,45.0,3441.0,3,2,2018,1007
0,9.0,0,20,0,1,5.16,0.0,45.0,3002.0,3,2,2018,1008
1,9.0,0,16,0,25,4.5,-120.0,40.0,2952.0,3,3,2018,1009
0,7.0,0,18,0,25,3.33,-30.0,40.0,3343.0,3,3,2018,1010
1,15.0,0,23,0,10,5.02,-160.0,55.0,2563.0,3,3,2018,1011
0,6.5,1,24,0,31,3.9,-20.0,50.0,3394.0,3,3,2018,1012
1,9.0,0,26,0,4,4.46,-150.0,55.0,2967.0,3,3,2018,1013
0,22.0,0,4,0,26,3.77,-10.0,65.0,2437.0,4,4,2018,1014
0,8.5,1,13,0,22,3.01,0.0,45.0,2366.0,4,5,2018,1015
1,18.0,0,27,0,15,2.89,-170.0,65.0,2546.0,4,5,2018,1016
0,10.0,0,30,0,10,3.43,-30.0,60.0,2162.0,4,5,2018,1017
2,10.0,0,5,0,15,3.04,40.0,55.0,2600.0,4,6,2018,1018
0,7.0,0,16,0,23,2.36,20.0,50.0,2634.0,4,6,2018,1019
1,5.0,0,18,0,23,2.58,-110.0,55.0,2457.0,4,6,2018,1020
1,6.0,1,4,1,10,2.01,0.0,50.0,2329.0,1,7,2018,1021
0,17.0,0,16,0,2,3.21,20.0,65.0,2805.0,1,7,2018,1022
1,5.0,0,20,0,25,2.04,-160.0,65.0,2792.0,1,7,2018,1023
0,7.5,0,25,1,1,2.49,40.0,55.0,1860.0,1,8,2018,1024
0,9.0,0,3,0,12,2.8,20.0,60.0,3018.0,1,9,2018,1025
1,10.0,0,23,0,3,3.82,-150.0,45.0,2727.0,1,9,2018,1026
0,5.0,0,25,0,30,2.87,30.0,50.0,2242.0,1,9,2018,1027
0,6.5,0,1,1,7,1.92,-30.0,50.0,2833.0,2,10,2018,1028
0,10.0,1,9,1,19,4.28,10.0,50.0,1950.0,2,10,2018,1029
1,9.5,0,10,1,19,2.61,-150.0,37.5,2746.0,2,10,2018,1030
0,6.0,0,20,0,26,3.32,-10.0,50.0,3282.0,2,10,2018,1031
0,13.0,0,2,0,15,3.42,40.0,45.0,3129.0,2,11,2018,1032
0,15.0,1,12,1,27,4.93,30.0,40.0,2934.0,2,11,2018,1033
1,5.0,0,17,0,22,2.79,-130.0,45.0,2593.0,2,11,2018,1034
0,7.0,0,12,0,18,4.57,0.0,65.0,2323.0,2,12,2018,1035
0,5.0,0,15,0,20,2.46,20.0,45.0,2871.0,3,1,2019,1036
1,5.0,0,24,0,29,2.81,-160.0,55.0,2112.0,3,1,2019,1037
0,6.0,1,10,1,16,3.39,40.0,50.0,2772.0,3,2,2019,1038
1,11.5,0,6,1,17,3.69,-170.0,35.0,2981.0,3,3,2019,1039
0,17.5,1,17,0,4,2.97,-10.0,45.0,2969.0,3,3,2019,1040
1,6.0,1,18,1,24,3.86,-160.0,35.0,2663.0,3,3,2019,1041
0,5.0,0,11,0,16,3.39,-30.0,45.0,3436.0,4,4,2019,1042
1,9.0,1,12,1,21,4.79,-140.0,45.0,3230.0,4,4,2019,1043
0,12.0,1,16,1,28,4.76,-10.0,60.0,2832.0,4,4,2019,1044
0,16.0,0,27,0,12,3.91,0.0,55.0,3707.0,4,4,2019,1045
1,6.0,0,6,0,12,3.01,-160.0,65.0,2821.0,4,5,2019,1046
0,9.5,0,8,1,17,3.53,-40.0,60.0,2491.0,4,5,2019,1047
2,6.0,0,18,0,24,2.9,-90.0,50.0,2762.0,4,5,2019,1048
1,7.0,0,25,0,1,2.92,-140.0,70.0,3018.0,4,5,2019,1049
0,6.5,1,26,0,2,3.05,-10.0,45.0,2792.0,4,5,2019,1050
0,8.0,0,7,0,15,2.51,-50.0,35.0,3215.0,4,6,2019,1051
0,14.0,1,12,1,26,3.1,10.0,65.0,2960.0,4,6,2019,1052
1,15.5,0,16,0,1,2.49,-120.0,65.0,2459.0,4,6,2019,1053
0,6.0,0,30,0,5,2.83,-50.0,40.0,3437.0,4,6,2019,1054
0,9.5,1,25,0,4,3.24,30.0,65.0,2535.0,1,7,2019,1055
1,14.0,0,27,0,11,2.78,-150.0,60.0,2648.0,1,7,2019,1056
1,7.0,0,3,0,10,2.72,-150.0,55.0,2331.0,1,8,2019,1057
1,12.0,0,12,0,24,2.65,-170.0,50.0,2805.0,1,8,2019,1058
0,8.0,0,26,0,3,2.72,30.0,50.0,2314.0,1,8,2019,1059
0,5.0,0,7,0,12,2.36,20.0,50.0,2514.0,1,9,2019,1060
0,12.0,1,15,1,27,3.45,-20.0,45.0,2182.0,1,9,2019,1061
1,5.0,0,15,0,20,1.74,-160.0,40.0,2724.0,1,9,2019,1062
1,5.0,1,24,1,29,2.66,-140.0,40.0,2914.0,1,9,2019,1063
0,7.0,0,21,0,28,2.38,20.0,45.0,3663.0,2,10,2019,1064
0,12.0,0,26,0,8,3.05,-60.0,65.0,2303.0,2,10,2019,1065
1,8.5,0,27,1,4,3.67,-140.0,45.0,3470.0,2,10,2019,1066
2,19.0,0,7,0,26,3.78,40.0,40.0,3295.0,2,11,2019,1067
0,6.0,0,24,0,30,2.52,-40.0,65.0,2731.0,2,11,2019,1068
1,6.0,0,11,0,17,4.35,-150.0,75.0,2275.0,2,12,2019,1069
0,5.0,0,12,0,17,2.27,40.0,55.0,2509.0,2,12,2019,1070
0,6.0,0,28,0,3,3.82,0.0,40.0,3313.0,2,12,2019,1071
0,7.0,1,17,1,24,4.15,-50.0,52.5,2306.0,3,1,2020,1072
1,6.0,0,22,0,28,3.32,-150.0,35.0,2875.0,3,1,2020,1073
0,21.5,1,23,0,14,3.31,-30.0,45.0,3297.0,3,1,2020,1074
1,12.0,0,3,0,15,4.5,-140.0,35.0,2899.0,3,2,2020,1075
0,12.0,1,10,1,22,4.12,-10.0,60.0,2256.0,3,2,2020,1076
0,15.0,0,20,0,7,3.85,10.0,40.0,3469.0,3,2,2020,1077
0,8.0,0,16,0,24,4.09,-10.0,45.0,3239.0,3,3,2020,1078
1,6.5,1,22,0,29,2.41,-150.0,35.0,3786.0,3,3,2020,1079
1,9.0,0,11,0,20,3.34,-140.0,40.0,3073.0,4,4,2020,1080
0,5.0,0,16,0,21,5.22,10.0,65.0,3576.0,4,4,2020,1081
0,17.0,0,21,0,8,3.43,-10.0,55.0,3614.0,4,4,2020,1082
0,16.0,0,29,0,14,3.21,0.0,45.0,4258.0,4,4,2020,1083
1,6.0,1,7,1,13,1.81,-110.0,60.0,2822.0,4,5,2020,1084
0,11.5,1,25,0,6,3.86,-10.0,55.0,2785.0,4,5,2020,1085
0,6.0,0,10,0,16,2.37,30.0,60.0,3353.0,4,6,2020,1086
1,5.0,1,14,1,19,2.26,-150.0,65.0,2599.0,4,6,2020,1087
1,8.0,0,24,0,2,2.77,-140.0,40.0,2742.0,4,6,2020,1088
0,7.5,1,18,0,26,1.64,-40.0,65.0,2640.0,1,8,2020,1089
0,6.0,0,11,0,17,3.83,-30.0,45.0,2856.0,2,10,2020,1090
1,8.0,0,20,0,28,2.59,-140.0,40.0,3004.0,2,10,2020,1091
0,17.0,0,24,0,12,3.24,40.0,55.0,2726.0,2,10,2020,1092
0,15.0,0,4,0,19,3.57,-30.0,45.0,2885.0,2,11,2020,1093
1,6.5,1,16,0,23,3.47,-170.0,60.0,1960.0,2,11,2020,1094
1,6.5,0,2,1,8,4.37,-120.0,50.0,3720.0,2,12,2020,1095
0,7.5,0,30,1,7,3.68,-30.0,50.0,3396.0,2,12,2020,1096
0,9.0,0,16,0,25,1.71,-10.0,45.0,3370.0,1,7,2021,1097
0,21.0,0,25,0,16,2.27,-30.0,55.0,3215.0,1,7,2021,1098
0,6.0,0,28,0,3,2.02,-30.0,75.0,2509.0,1,7,2021,1099
0,12.5,1,23,0,5,2.76,-10.0,55.0,3221.0,1,8,2021,1100
0,6.0,0,7,0,13,2.11,0.0,55.0,3347.0,1,9,2021,1101
